Date,Arriving by date,Type,Confirmation code,Booking date,Start date,End date,Nights,Guest,Listing,Details,Reference code,Currency,Amount,Paid out,Service fee,Fast pay fee,Cleaning fee,Gross earnings,Occupancy taxes,Earnings year
02/07/2026,02/09/2026,Payout,,,,,,,,"Transfer to Western Union, Diana Romer, DO (USD)",MTCN: 8782296316,USD,,1990.00,,,,,,
02/07/2026,,Reservation,HMYNXZHD3T,10/01/2025,01/15/2026,01/22/2026,7,Guest 001,Stunning 1BR in amazing Sto Dgo,,,USD,170.90,,5.28,,11.83,176.18,0.00,2026
02/07/2026,,Reservation,HM3AF39KK2,01/12/2026,01/28/2026,02/01/2026,4,Guest 002,Beautiful Heart of the City | 1BR Apt.,,,USD,322.04,,9.96,,35.00,332.00,0.00,2026
02/07/2026,,Reservation,HMBZPDZ9PM,01/28/2026,01/29/2026,01/31/2026,2,Guest 003,Stunning 1BR in amazing Sto Dgo,,,USD,138.71,,4.29,,35.00,143.00,0.00,2026
02/07/2026,,Reservation,HMC3JJT25T,01/06/2026,02/02/2026,02/03/2026,1,Guest 004,Beautiful Heart of the City | 1BR Apt.,,,USD,110.58,,3.42,,35.00,114.00,0.00,2026
02/07/2026,,Reservation,HMW42EECDB,01/03/2026,02/03/2026,02/11/2026,8,Guest 005,Beautiful Heart of the City | 1BR Apt.,,,USD,631.08,,19.52,,35.00,650.60,0.00,2026
02/07/2026,,Resolution Payout,HMCM5K2SPY,,02/06/2026,02/09/2026,3,Guest 006,Be One w/ Nature in Monte Plata,Resolution payout for resolution CLA-W33NHDP5H5 - Reservation HMCM5K2SPY,,USD,150.00,,,,,150.00,,2026
02/07/2026,,Reservation,HMCM5K2SPY,02/01/2026,02/06/2026,02/09/2026,3,Guest 006,Be One w/ Nature in Monte Plata,,,USD,476.69,,14.74,,42.31,491.43,0.00,2026
01/24/2026,01/26/2026,Payout,,,,,,,,"Transfer to Western Union, Diana Romer, DO (USD)",MTCN: 6290848670,USD,,1990.00,,,,,,
01/24/2026,,Reservation,HM2DJJ5RZ4,12/18/2025,01/08/2026,01/15/2026,7,Guest 007,Be One w/ Nature in Monte Plata,,,USD,352.21,,10.89,,21.11,363.10,0.00,2026
01/24/2026,,Reservation,HM82CF25N4,01/08/2026,01/11/2026,01/13/2026,2,Guest 008,Beautiful Heart of the City | 1BR Apt.,,,USD,171.88,,5.32,,35.00,177.20,0.00,2026
01/24/2026,,Reservation,HM5ASBMKCH,01/11/2026,01/14/2026,01/16/2026,2,Guest 009,Beautiful Heart of the City | 1BR Apt.,,,USD,171.88,,5.32,,35.00,177.20,0.00,2026
01/24/2026,,Reservation,HMYNXZHD3T,10/01/2025,01/15/2026,01/22/2026,7,Guest 001,Stunning 1BR in amazing Sto Dgo,,,USD,334.86,,10.36,,23.17,345.22,0.00,2026
01/24/2026,,Reservation,HM2WK8KC33,01/15/2026,01/16/2026,01/19/2026,3,Guest 010,Beautiful Heart of the City | 1BR Apt.,,,USD,253.07,,7.83,,35.00,260.90,0.00,2026
01/24/2026,,Adjustment,HMYNXZHD3T,10/01/2025,01/15/2026,01/22/2026,7,Guest 001,Stunning 1BR in amazing Sto Dgo,,,USD,-59.90,,-1.85,,0.00,,0.00,2026
01/24/2026,,Reservation,HMPMNC22SM,01/18/2026,01/19/2026,01/21/2026,2,Guest 011,Beautiful Heart of the City | 1BR Apt.,,,USD,173.63,,5.37,,35.00,179.00,0.00,2026
01/24/2026,,Reservation,HM2ERZH99H,01/19/2026,01/21/2026,01/22/2026,1,Guest 012,Beautiful Heart of the City | 1BR Apt.,,,USD,103.79,,3.21,,35.00,107.00,0.00,2026
01/24/2026,,Reservation,HM3KBPRZP2,01/21/2026,01/21/2026,01/23/2026,2,Guest 013,Beautiful Heart of the City | 1BR Apt.,,,USD,176.54,,5.46,,35.00,182.00,0.00,2026
01/24/2026,,Reservation,HMJ4BS4JDK,01/10/2026,01/23/2026,01/27/2026,4,Guest 014,Beautiful Heart of the City | 1BR Apt.,,,USD,322.04,,9.96,,35.00,332.00,0.00,2026
01/10/2026,01/12/2026,Payout,,,,,,,,"Transfer to Western Union, Diana Romer, DO (USD)",MTCN: 0481146843,USD,,1990.00,,,,,,
01/10/2026,,Reservation,HM9ANQHZZC,08/03/2025,12/27/2025,12/29/2025,2,Guest 015,Be One w/ Nature in Monte Plata,,,USD,54.47,,1.68,,6.05,56.15,0.00,2026
01/10/2026,,Reservation,HMABZ8ACKE,12/11/2025,01/03/2026,01/05/2026,2,Guest 016,Be One w/ Nature in Monte Plata,,,USD,384.12,,11.88,,65.00,396.00,0.00,2026
01/10/2026,,Reservation,HMKQC55M4B,01/04/2026,01/04/2026,01/05/2026,1,Guest 017,Beautiful Heart of the City | 1BR Apt.,,,USD,113.49,,3.51,,35.00,117.00,0.00,2026
01/10/2026,,Reservation,HMXYYR5FXJ,01/05/2026,01/06/2026,01/09/2026,3,Guest 018,Beautiful Heart of the City | 1BR Apt.,,,USD,175.57,,5.43,,35.00,181.00,0.00,2026
01/10/2026,,Reservation,HMXYYR5FXJ,01/05/2026,01/06/2026,01/09/2026,3,Guest 018,Beautiful Heart of the City | 1BR Apt.,,,USD,70.81,,2.19,,0.00,73.00,0.00,2026
01/10/2026,,Reservation,HM2DJJ5RZ4,12/18/2025,01/08/2026,01/15/2026,7,Guest 007,Be One w/ Nature in Monte Plata,,,USD,732.06,,22.64,,43.89,754.70,0.00,2026
01/10/2026,,Reservation,HM4WZZTQCE,11/30/2025,01/09/2026,01/15/2026,6,Guest 019,Stunning 1BR in amazing Sto Dgo,,,USD,355.99,,11.01,,35.00,367.00,0.00,2026
01/10/2026,,Reservation,HMM832ZERE,01/09/2026,01/09/2026,01/10/2026,1,Guest 020,Beautiful Heart of the City | 1BR Apt.,,,USD,113.49,,3.51,,35.00,117.00,0.00,2026
01/03/2026,01/05/2026,Payout,,,,,,,,"Transfer to Western Union, Diana Romer, DO (USD)",MTCN: 1360729925,USD,,1990.00,,,,,,
01/03/2026,,Reservation,HM83JQANCX,12/23/2025,12/23/2025,01/07/2026,15,Guest 021,Stunning 1BR in amazing Sto Dgo,,,USD,583.95,,18.06,,0.00,602.01,0.00,2026
01/03/2026,,Reservation,HM9TM9ASHZ,12/19/2025,12/26/2025,12/28/2025,2,Guest 022,Beautiful Heart of the City | 1BR Apt.,,,USD,193.03,,5.97,,35.00,199.00,0.00,2026
01/03/2026,,Reservation,HM9ANQHZZC,08/03/2025,12/27/2025,12/29/2025,2,Guest 015,Be One w/ Nature in Monte Plata,,,USD,530.44,,16.41,,58.95,546.85,0.00,2026
01/03/2026,,Reservation,HMEJ8XHYEA,12/12/2025,12/28/2025,12/30/2025,2,Guest 023,Beautiful Heart of the City | 1BR Apt.,,,USD,216.31,,6.69,,35.00,223.00,0.00,2026
01/03/2026,,Reservation,HMZABXRJ9R,12/28/2025,12/30/2025,12/31/2025,1,Guest 024,Beautiful Heart of the City | 1BR Apt.,,,USD,130.95,,4.05,,35.00,135.00,0.00,2026
01/03/2026,,Reservation,HMM5QEECC4,12/30/2025,12/31/2025,01/01/2026,1,Guest 025,Beautiful Heart of the City | 1BR Apt.,,,USD,130.95,,4.05,,35.00,135.00,0.00,2026
01/03/2026,,Reservation,HM35B3ZBSC,12/30/2025,01/02/2026,01/04/2026,2,Guest 026,Beautiful Heart of the City | 1BR Apt.,,,USD,214.37,,6.63,,35.00,221.00,0.00,2026
12/25/2025,12/26/2025,Payout,,,,,,,,"Transfer to Western Union, Diana Romer, DO (USD)",MTCN: 0668868311,USD,,2000.00,,,,,,
12/25/2025,,Reservation,HMBCMD5TNJ,11/25/2025,11/28/2025,12/06/2025,8,Guest 027,Stunning 1BR in amazing Sto Dgo,,,USD,80.38,,2.49,,6.38,82.87,0.00,2025
12/25/2025,,Reservation,HMBW4EKWHC,11/04/2025,12/16/2025,12/22/2025,6,Guest 028,Stunning 1BR in amazing Sto Dgo,,,USD,412.25,,12.75,,35.00,425.00,0.00,2025
12/25/2025,,Reservation,HME43WQNMF,12/16/2025,12/16/2025,12/17/2025,1,Guest 029,Beautiful Heart of the City | 1BR Apt.,,,USD,104.76,,3.24,,35.00,108.00,0.00,2025
12/25/2025,,Reservation,HMSWDYQMHW,11/24/2025,12/18/2025,12/21/2025,3,Guest 030,Beautiful Heart of the City | 1BR Apt.,,,USD,269.66,,8.34,,35.00,278.00,0.00,2025
12/25/2025,,Reservation,HMEJC4NJRB,12/16/2025,12/21/2025,12/23/2025,2,Guest 031,Beautiful Heart of the City | 1BR Apt.,,,USD,176.54,,5.46,,35.00,182.00,0.00,2025
12/25/2025,,Reservation,HM83JQANCX,12/23/2025,12/23/2025,01/07/2026,15,Guest 021,Stunning 1BR in amazing Sto Dgo,,,USD,366.65,,11.34,,0.00,377.99,0.00,2025
12/25/2025,,Reservation,HMB3RQ52DF,12/22/2025,12/24/2025,12/26/2025,2,Guest 032,Be One w/ Nature in Monte Plata,,,USD,396.73,,12.27,,65.00,409.00,0.00,2025
12/25/2025,,Reservation,HM83XJNYFR,12/24/2025,12/24/2025,12/26/2025,2,Guest 033,Beautiful Heart of the City | 1BR Apt.,,,USD,193.03,,5.97,,35.00,199.00,0.00,2025
12/13/2025,12/15/2025,Payout,,,,,,,,"Transfer to Western Union, Diana Romer, DO (USD)",MTCN: 9589201649,USD,,2000.00,,,,,,
12/13/2025,,Reservation,HMJMSXYENE,09/25/2025,11/28/2025,11/30/2025,2,Guest 034,Be One w/ Nature in Monte Plata,,,USD,358.73,,11.09,,53.78,369.82,0.00,2025
12/13/2025,,Reservation,HMBCMD5TNJ,11/25/2025,11/28/2025,12/06/2025,8,Guest 027,Stunning 1BR in amazing Sto Dgo,,,USD,360.87,,11.16,,28.62,372.03,0.00,2025
12/13/2025,,Reservation,HMK8HY9EKE,08/23/2025,12/04/2025,12/07/2025,3,Guest 035,Beautiful Heart of the City | 1BR Apt.,,,USD,275.48,,8.52,,35.00,284.00,0.00,2025
12/13/2025,,Reservation,HMPH35243Y,11/13/2025,12/07/2025,12/13/2025,6,Guest 036,Stunning 1BR in amazing Sto Dgo,,,USD,412.25,,12.75,,35.00,425.00,0.00,2025
12/13/2025,,Reservation,HM8HWXMF5P,11/26/2025,12/07/2025,12/10/2025,3,Guest 037,Beautiful Heart of the City | 1BR Apt.,,,USD,246.38,,7.62,,35.00,254.00,0.00,2025
12/13/2025,,Reservation,HMTKEQCKKF,12/06/2025,12/12/2025,12/16/2025,4,Guest 014,Beautiful Heart of the City | 1BR Apt.,,,USD,346.29,,10.71,,35.00,357.00,0.00,2025
11/29/2025,12/01/2025,Payout,,,,,,,,"Transfer to Western Union, Diana Romer, DO (USD)",MTCN: 9219064753,USD,,2000.00,,,,,,
11/29/2025,,Reservation,HMFMP9NK5Z,09/29/2025,11/08/2025,11/10/2025,2,Guest 038,Be One w/ Nature in Monte Plata,,,USD,0.66,,0.02,,0.10,0.68,0.00,2025
11/29/2025,,Reservation,HMSTPPXZJW,10/20/2025,11/21/2025,11/23/2025,2,Guest 039,Beautiful Heart of the City | 1BR Apt.,,,USD,208.55,,6.45,,35.00,215.00,0.00,2025
11/29/2025,,Reservation,HMCDYNEZMM,11/05/2025,11/21/2025,11/24/2025,3,Guest 040,Stunning 1BR in amazing Sto Dgo,,,USD,223.10,,6.90,,35.00,230.00,0.00,2025
11/29/2025,,Reservation,HMHKW9XZ2A,11/20/2025,11/21/2025,11/23/2025,2,Guest 041,Be One w/ Nature in Monte Plata,,,USD,373.45,,11.55,,65.00,385.00,0.00,2025
11/29/2025,,Reservation,HMMZYR4QXQ,11/22/2025,11/23/2025,11/27/2025,4,Guest 042,Beautiful Heart of the City | 1BR Apt.,,,USD,330.77,,10.23,,35.00,341.00,0.00,2025
11/29/2025,,Reservation,HMQJQYMWWD,11/23/2025,11/24/2025,11/26/2025,2,Guest 043,Be One w/ Nature in Monte Plata,,,USD,373.45,,11.55,,65.00,385.00,0.00,2025
11/29/2025,,Reservation,HMP8S4KD8K,11/14/2025,11/27/2025,12/02/2025,5,Guest 044,Beautiful Heart of the City | 1BR Apt.,,,USD,415.16,,12.84,,35.00,428.00,0.00,2025
11/29/2025,,Reservation,HMJMSXYENE,09/25/2025,11/28/2025,11/30/2025,2,Guest 034,Be One w/ Nature in Monte Plata,,,USD,74.86,,2.32,,11.22,77.18,0.00,2025
11/19/2025,11/20/2025,Payout,,,,,,,,"Transfer to Western Union, Diana Romer, DO (USD)",MTCN: 5707862839,USD,,2000.00,,,,,,
11/19/2025,,Reservation,HMTMMHHATF,10/16/2025,10/26/2025,11/02/2025,7,Guest 045,Beautiful Heart of the City | 1BR Apt.,,,USD,99.21,,3.07,,6.79,102.28,0.00,2025
11/19/2025,,Reservation,HM93WERQXN,10/08/2025,11/06/2025,11/09/2025,3,Guest 046,Beautiful Heart of the City | 1BR Apt.,,,USD,258.99,,8.01,,35.00,267.00,0.00,2025
11/19/2025,,Resolution Payout,HMFMP9NK5Z,,11/08/2025,11/10/2025,2,Guest 038,Be One w/ Nature in Monte Plata,Resolution payout for resolution CLA-MAPFDEHT3H - Reservation HMFMP9NK5Z,,USD,50.00,,,,,50.00,,2025
11/19/2025,,Resolution Payout,HMFMP9NK5Z,,11/08/2025,11/10/2025,2,Guest 038,Be One w/ Nature in Monte Plata,Resolution payout for resolution CLA-RTDAKNHJ3E - Reservation HMFMP9NK5Z,,USD,100.00,,,,,100.00,,2025
11/19/2025,,Reservation,HMFMP9NK5Z,09/29/2025,11/08/2025,11/10/2025,2,Guest 038,Be One w/ Nature in Monte Plata,,,USD,430.99,,13.33,,64.90,444.32,0.00,2025
11/19/2025,,Reservation,HMB2M5XDSC,11/08/2025,11/09/2025,11/12/2025,3,Guest 047,Beautiful Heart of the City | 1BR Apt.,,,USD,170.35,,5.27,,35.00,175.62,0.00,2025
11/19/2025,,Reservation,HMB2M5XDSC,11/08/2025,11/09/2025,11/12/2025,3,Guest 047,Beautiful Heart of the City | 1BR Apt.,,,USD,76.63,,2.37,,0.00,79.00,0.00,2025
11/19/2025,,Reservation,HMKZ2HS8J2,10/11/2025,11/13/2025,11/17/2025,4,Guest 048,Beautiful Heart of the City | 1BR Apt.,,,USD,335.62,,10.38,,35.00,346.00,0.00,2025
11/19/2025,,Reservation,HMWZT4N3HY,11/16/2025,11/17/2025,11/19/2025,2,Guest 049,Stunning 1BR in amazing Sto Dgo,,,USD,227.95,,7.05,,35.00,235.00,0.00,2025
11/19/2025,,Reservation,HMAYTFW95K,11/17/2025,11/17/2025,11/18/2025,1,Guest 050,Beautiful Heart of the City | 1BR Apt.,,,USD,103.79,,3.21,,35.00,107.00,0.00,2025
11/19/2025,,Adjustment,HMWZT4N3HY,11/16/2025,11/17/2025,11/19/2025,2,Guest 049,Stunning 1BR in amazing Sto Dgo,,,USD,-97.00,,-3.00,,0.00,,0.00,2025
11/19/2025,,Reservation,HMESEZWM2R,11/12/2025,11/18/2025,11/21/2025,3,Guest 051,Beautiful Heart of the City | 1BR Apt.,,,USD,243.47,,7.53,,35.00,251.00,0.00,2025
11/05/2025,11/06/2025,Payout,,,,,,,,"Transfer to Western Union, Diana Romer, DO (USD)",MTCN: 6615339145,USD,,2000.00,,,,,,
11/05/2025,,Reservation,HMH2MJJ32C,05/18/2025,10/17/2025,10/26/2025,9,Guest 052,Beautiful Heart of the City | 1BR Apt.,,,USD,54.18,,1.68,,3.00,55.86,0.00,2025
11/05/2025,,Reservation,HMRA9W4JTC,10/22/2025,10/22/2025,10/29/2025,7,Guest 053,Stunning 1BR in amazing Sto Dgo,,,USD,388.75,,12.02,,35.00,400.77,0.00,2025
11/05/2025,,Reservation,HMTMMHHATF,10/16/2025,10/26/2025,11/02/2025,7,Guest 045,Beautiful Heart of the City | 1BR Apt.,,,USD,412.08,,12.74,,28.21,424.82,0.00,2025
11/05/2025,,Reservation,HMPBR2CJMF,06/18/2025,10/29/2025,11/04/2025,6,Guest 001,Stunning 1BR in amazing Sto Dgo,,,USD,427.77,,13.23,,35.00,441.00,0.00,2025
11/05/2025,,Reservation,HM23QRYFR4,10/25/2025,10/31/2025,11/02/2025,2,Guest 054,Be One w/ Nature in Monte Plata,,,USD,394.79,,12.21,,65.00,407.00,0.00,2025
11/05/2025,,Reservation,HMEWN52B3P,10/28/2025,11/04/2025,11/06/2025,2,Guest 055,Beautiful Heart of the City | 1BR Apt.,,,USD,177.51,,5.49,,35.00,183.00,0.00,2025
11/05/2025,,Reservation,HMX38F8ETB,11/04/2025,11/04/2025,11/06/2025,2,Guest 056,Stunning 1BR in amazing Sto Dgo,,,USD,144.92,,4.48,,35.00,149.40,0.00,2025
10/21/2025,10/22/2025,Payout,,,,,,,,"Transfer to Western Union, Diana Romer, DO (USD)",MTCN: 4140537892,USD,,2000.00,,,,,,
10/21/2025,,Reservation,HMKNMDKE9P,09/24/2025,09/27/2025,10/05/2025,8,Guest 057,Beautiful Heart of the City | 1BR Apt.,,,USD,23.95,,0.74,,1.36,24.69,0.00,2025
10/21/2025,,Reservation,HMM8XTWDQR,10/07/2025,10/07/2025,10/10/2025,3,Guest 058,Beautiful Heart of the City | 1BR Apt.,,,USD,159.62,,4.94,,35.00,164.56,0.00,2025
10/21/2025,,Reservation,HMM8XTWDQR,10/07/2025,10/07/2025,10/10/2025,3,Guest 058,Beautiful Heart of the City | 1BR Apt.,,,USD,76.63,,2.37,,0.00,79.00,0.00,2025
10/21/2025,,Reservation,HMYW2HE8TE,08/24/2025,10/08/2025,10/14/2025,6,Guest 028,Stunning 1BR in amazing Sto Dgo,,,USD,417.10,,12.90,,35.00,430.00,0.00,2025
10/21/2025,,Reservation,HM4TW532AC,09/23/2025,10/10/2025,10/13/2025,3,Guest 059,Beautiful Heart of the City | 1BR Apt.,,,USD,269.66,,8.34,,35.00,278.00,0.00,2025
10/21/2025,,Reservation,HMJZM3K8TB,10/15/2025,10/15/2025,10/17/2025,2,Guest 060,Beautiful Heart of the City | 1BR Apt.,,,USD,167.81,,5.19,,35.00,173.00,0.00,2025
10/21/2025,,Reservation,HM3QPXNASN,10/17/2025,10/17/2025,10/22/2025,5,Guest 061,Stunning 1BR in amazing Sto Dgo,,,USD,244.89,,7.57,,35.00,252.46,0.00,2025
10/21/2025,,Reservation,HMH2MJJ32C,05/18/2025,10/17/2025,10/26/2025,9,Guest 052,Beautiful Heart of the City | 1BR Apt.,,,USD,577.29,,17.85,,32.00,595.14,0.00,2025
10/21/2025,,Reservation,HM3QPXNASN,10/17/2025,10/17/2025,10/22/2025,5,Guest 061,Stunning 1BR in amazing Sto Dgo,,,USD,63.05,,1.95,,0.00,65.00,0.00,2025
10/01/2025,10/02/2025,Payout,,,,,,,,"Transfer to Western Union, Diana Romer, DO (USD)",MTCN: 0708993309,USD,,2000.00,,,,,,
10/01/2025,,Reservation,HMKFPFW39N,09/17/2025,09/19/2025,09/21/2025,2,Guest 062,Be One w/ Nature in Monte Plata,,,USD,364.50,,11.27,,53.68,375.77,0.00,2025
10/01/2025,,Cancellation Fee,HMYTTSBD4D,08/05/2025,01/08/2026,01/16/2026,8,Guest 063,12th Floor Beautiful 2 Bedroom Apt,,,USD,-76.70,,0.00,,0.00,,0.00,2025
10/01/2025,,Reservation,HM2PCY5TCK,09/03/2025,09/23/2025,09/27/2025,4,Guest 064,Beautiful Heart of the City | 1BR Apt.,,,USD,326.89,,10.11,,35.00,337.00,0.00,2025
10/01/2025,,Reservation,HMHQFE2XKJ,09/23/2025,09/24/2025,09/30/2025,6,Guest 065,Stunning 1BR in amazing Sto Dgo,,,USD,288.09,,8.91,,35.00,297.00,0.00,2025
10/01/2025,,Reservation,HMKNMDKE9P,09/24/2025,09/27/2025,10/05/2025,8,Guest 057,Beautiful Heart of the City | 1BR Apt.,,,USD,593.94,,18.37,,33.64,612.31,0.00,2025
10/01/2025,,Reservation,HMHQFE2XKJ,09/23/2025,09/24/2025,09/30/2025,6,Guest 065,Stunning 1BR in amazing Sto Dgo,,,USD,50.05,,1.55,,0.00,51.60,0.00,2025
10/01/2025,,Reservation,HMHXX4QCX4,08/15/2025,09/30/2025,10/07/2025,7,Guest 066,Stunning 1BR in amazing Sto Dgo,,,USD,453.23,,14.02,,35.00,467.25,0.00,2025
09/20/2025,09/22/2025,Payout,,,,,,,,"Transfer to Western Union, Diana Romer, DO (USD)",MTCN: 9854291642,USD,,2000.00,,,,,,
09/20/2025,,Reservation,HMXN93PDSS,06/30/2025,08/27/2025,09/07/2025,11,Guest 067,Stunning 1BR in amazing Sto Dgo,,,USD,433.22,,13.40,,22.21,446.62,0.00,2025
09/20/2025,,Reservation,HMWSDMTRWP,08/31/2025,09/06/2025,09/09/2025,3,Guest 068,12th Floor Beautiful 2 Bedroom Apt,,,USD,248.13,,7.67,,45.00,255.80,0.00,2025
09/20/2025,,Reservation,HMA53KB3EW,09/07/2025,09/11/2025,09/13/2025,2,Guest 069,12th Floor Beautiful 2 Bedroom Apt,,,USD,169.36,,5.24,,45.00,174.60,0.00,2025
09/20/2025,,Reservation,HMCREBDXTH,08/10/2025,09/12/2025,09/17/2025,5,Guest 070,Beautiful Heart of the City | 1BR Apt.,,,USD,410.31,,12.69,,35.00,423.00,0.00,2025
09/20/2025,,Reservation,HMTZJJAP4M,09/12/2025,09/13/2025,09/15/2025,2,Guest 071,12th Floor Beautiful 2 Bedroom Apt,,,USD,176.35,,5.45,,45.00,181.80,0.00,2025
09/20/2025,,Reservation,HMNMNMHXAH,09/16/2025,09/17/2025,09/20/2025,3,Guest 072,12th Floor Beautiful 2 Bedroom Apt,,,USD,241.53,,7.47,,45.00,249.00,0.00,2025
09/20/2025,,Reservation,HMC9EPY9WA,09/12/2025,09/18/2025,09/22/2025,4,Guest 073,Stunning 1BR in amazing Sto Dgo,,,USD,244.25,,7.55,,35.00,251.80,0.00,2025
09/20/2025,,Reservation,HMKFPFW39N,09/17/2025,09/19/2025,09/21/2025,2,Guest 062,Be One w/ Nature in Monte Plata,,,USD,76.85,,2.38,,11.32,79.23,0.00,2025
09/06/2025,09/08/2025,Payout,,,,,,,,"Transfer to Western Union, Diana Romer, DO (USD)",MTCN: 9376492376,USD,,2000.00,,,,,,
09/06/2025,,Reservation,HMTXYCMFPC,07/22/2025,08/17/2025,08/20/2025,3,Guest 074,Be One w/ Nature in Monte Plata,,,USD,54.32,,1.68,,5.70,56.00,0.00,2025
09/06/2025,,Reservation,HM2D2X5RB8,05/10/2025,08/27/2025,08/31/2025,4,Guest 075,12th Floor Beautiful 2 Bedroom Apt,,,USD,329.80,,10.20,,45.00,340.00,0.00,2025
09/06/2025,,Reservation,HMCWFM8W8Q,07/20/2025,08/27/2025,08/30/2025,3,Guest 059,Beautiful Heart of the City | 1BR Apt.,,,USD,246.38,,7.62,,35.00,254.00,0.00,2025
09/06/2025,,Reservation,HMXN93PDSS,06/30/2025,08/27/2025,09/07/2025,11,Guest 067,Stunning 1BR in amazing Sto Dgo,,,USD,249.34,,7.71,,12.79,257.05,0.00,2025
09/06/2025,,Reservation,HMK59C2S3J,08/30/2025,08/30/2025,09/02/2025,3,Guest 076,Beautiful Heart of the City | 1BR Apt.,,,USD,258.02,,7.98,,35.00,266.00,0.00,2025
09/06/2025,,Reservation,HMEXXDCBD2,09/02/2025,09/03/2025,09/05/2025,2,Guest 077,Be One w/ Nature in Monte Plata,,,USD,363.75,,11.25,,65.00,375.00,0.00,2025
09/06/2025,,Reservation,HMNE2BWEKN,09/01/2025,09/05/2025,09/12/2025,7,Guest 078,Beautiful Heart of the City | 1BR Apt.,,,USD,498.39,,15.41,,35.00,513.80,0.00,2025
08/24/2025,08/25/2025,Payout,,,,,,,,"Transfer to Western Union, Diana Romer, DO (USD)",MTCN: 0085802281,USD,,2000.00,,,,,,
08/24/2025,,Reservation,HMXF9WJQ8J,06/04/2025,08/10/2025,08/24/2025,14,Guest 079,12th Floor Beautiful 2 Bedroom Apt,,,USD,152.09,,4.70,,6.06,156.79,0.00,2025
08/24/2025,,Reservation,HMKAT5YBMM,08/13/2025,08/14/2025,08/18/2025,4,Guest 080,Stunning 1BR in amazing Sto Dgo,,,USD,52.59,,1.63,,0.00,54.22,0.00,2025
08/24/2025,,Reservation,HMFP4EEZWK,07/29/2025,08/17/2025,08/19/2025,2,Guest 081,Beautiful Heart of the City | 1BR Apt.,,,USD,175.57,,5.43,,35.00,181.00,0.00,2025
08/24/2025,,Reservation,HMTXYCMFPC,07/22/2025,08/17/2025,08/20/2025,3,Guest 074,Be One w/ Nature in Monte Plata,,,USD,565.51,,17.49,,59.30,583.00,0.00,2025
08/24/2025,,Reservation,HMPXYYZ48E,08/17/2025,08/18/2025,08/21/2025,3,Guest 082,Stunning 1BR in amazing Sto Dgo,,,USD,190.94,,5.91,,35.00,196.85,0.00,2025
08/24/2025,,Reservation,HMNC238WJS,07/30/2025,08/20/2025,08/25/2025,5,Guest 014,Beautiful Heart of the City | 1BR Apt.,,,USD,397.70,,12.30,,35.00,410.00,0.00,2025
08/24/2025,,Reservation,HM8HAMPYWB,08/06/2025,08/22/2025,08/24/2025,2,Guest 083,Be One w/ Nature in Monte Plata,,,USD,465.60,,14.40,,65.00,480.00,0.00,2025
08/16/2025,08/18/2025,Payout,,,,,,,,"Transfer to Western Union, Diana Romer, DO (USD)",MTCN: 9687493211,USD,,2000.00,,,,,,
08/16/2025,,Reservation,HM94XSSQMK,06/10/2025,08/01/2025,08/12/2025,11,Guest 084,Beautiful Heart of the City | 1BR Apt.,,,USD,3.44,,0.11,,0.17,3.55,0.00,2025
08/16/2025,,Reservation,HMXF9WJQ8J,06/04/2025,08/10/2025,08/24/2025,14,Guest 079,12th Floor Beautiful 2 Bedroom Apt,,,USD,977.09,,30.22,,38.94,1007.31,0.00,2025
08/16/2025,,Reservation,HMEQB5E2FH,08/04/2025,08/12/2025,08/16/2025,4,Guest 085,Beautiful Heart of the City | 1BR Apt.,,,USD,323.98,,10.02,,35.00,334.00,0.00,2025
08/16/2025,,Reservation,HMKAT5YBMM,08/13/2025,08/14/2025,08/18/2025,4,Guest 080,Stunning 1BR in amazing Sto Dgo,,,USD,203.70,,6.30,,35.00,210.00,0.00,2025
08/16/2025,,Reservation,HMXXRWRDEW,08/07/2025,08/15/2025,08/17/2025,2,Guest 086,Be One w/ Nature in Monte Plata,,,USD,491.79,,15.21,,65.00,507.00,0.00,2025
08/07/2025,08/08/2025,Payout,,,,,,,,"Transfer to Western Union, Diana Romer, DO (USD)",MTCN: 1647437972,USD,,2000.00,,,,,,
08/07/2025,,Reservation,HMZFDKWQ3K,03/21/2025,07/20/2025,07/26/2025,6,Guest 087,12th Floor Beautiful 2 Bedroom Apt,,,USD,77.83,,2.41,,7.75,80.24,0.00,2025
08/07/2025,,Reservation,HMC4XMASZ9,07/30/2025,07/30/2025,08/02/2025,3,Guest 088,12th Floor Beautiful 2 Bedroom Apt,,,USD,251.42,,7.78,,45.00,259.20,0.00,2025
08/07/2025,,Reservation,HM5FDTJQ25,03/11/2025,08/01/2025,08/04/2025,3,Guest 089,Stunning 1BR in amazing Sto Dgo,,,USD,189.15,,5.85,,30.00,195.00,0.00,2025
08/07/2025,,Reservation,HM94XSSQMK,06/10/2025,08/01/2025,08/12/2025,11,Guest 084,Beautiful Heart of the City | 1BR Apt.,,,USD,713.20,,22.05,,34.83,735.25,0.00,2025
08/07/2025,,Reservation,HMFNSRBWK8,07/29/2025,08/05/2025,08/10/2025,5,Guest 090,12th Floor Beautiful 2 Bedroom Apt,,,USD,389.13,,12.03,,45.00,401.16,0.00,2025
08/07/2025,,Reservation,HMJS2JNETW,06/07/2025,08/06/2025,08/12/2025,6,Guest 028,Stunning 1BR in amazing Sto Dgo,,,USD,379.27,,11.73,,30.00,391.00,0.00,2025
07/30/2025,07/31/2025,Payout,,,,,,,,"Transfer to Western Union, Diana Romer, DO (USD)",MTCN: 9178092683,USD,,2000.00,,,,,,
07/30/2025,,Reservation,HM2J9TBBFN,05/04/2025,07/11/2025,07/25/2025,14,Guest 091,Beautiful Heart of the City | 1BR Apt.,,,USD,111.14,,3.44,,4.43,114.58,0.00,2025
07/30/2025,,Reservation,HMYKMDBH2P,07/18/2025,07/18/2025,07/20/2025,2,Guest 092,Stunning 1BR in amazing Sto Dgo,,,USD,138.81,,4.29,,35.00,143.10,0.00,2025
07/30/2025,,Reservation,HMXJAQJDEQ,07/19/2025,07/19/2025,07/21/2025,2,Guest 093,Be One w/ Nature in Monte Plata,,,USD,434.56,,13.44,,65.00,448.00,0.00,2025
07/30/2025,,Resolution Adjustment,HMXJAQJDEQ,,07/19/2025,07/21/2025,2,Guest 093,Be One w/ Nature in Monte Plata,Resolution adjustment for resolution 17530556210324,,USD,-191.50,,,,,-191.50,,2025
07/30/2025,,Reservation,HMZFDKWQ3K,03/21/2025,07/20/2025,07/26/2025,6,Guest 087,12th Floor Beautiful 2 Bedroom Apt,,,USD,374.19,,11.57,,37.25,385.76,0.00,2025
07/30/2025,,Reservation,HMPDNDMPCT,05/17/2025,07/21/2025,07/23/2025,2,Guest 094,Be One w/ Nature in Monte Plata,,,USD,354.05,,10.95,,65.00,365.00,0.00,2025
07/30/2025,,Reservation,HMMP2RM9RT,05/07/2025,07/25/2025,07/29/2025,4,Guest 095,Beautiful Heart of the City | 1BR Apt.,,,USD,298.76,,9.24,,35.00,308.00,0.00,2025
07/30/2025,,Reservation,HMY9CHJFFK,07/25/2025,07/26/2025,07/28/2025,2,Guest 096,Stunning 1BR in amazing Sto Dgo,,,USD,129.82,,4.02,,35.00,133.84,0.00,2025
07/30/2025,,Reservation,HMFKHBSZQ8,07/24/2025,07/28/2025,07/31/2025,3,Guest 097,Stunning 1BR in amazing Sto Dgo,,,USD,179.45,,5.55,,35.00,185.00,0.00,2025
07/30/2025,,Reservation,HMW3C9YEX8,05/28/2025,07/29/2025,07/31/2025,2,Guest 098,Beautiful Heart of the City | 1BR Apt.,,,USD,170.72,,5.28,,35.00,176.00,0.00,2025
07/18/2025,07/21/2025,Payout,,,,,,,,"Transfer to Western Union, Diana Romer, DO (USD)",MTCN: 4524602741,USD,,2000.00,,,,,,
07/18/2025,,Reservation,HMX9DE2ZNW,06/02/2025,07/05/2025,07/12/2025,7,Guest 099,12th Floor Beautiful 2 Bedroom Apt,,,USD,94.12,,2.91,,7.43,97.03,0.00,2025
07/18/2025,,Reservation,HMDWJMZCAC,07/10/2025,07/10/2025,07/14/2025,4,Guest 100,Stunning 1BR in amazing Sto Dgo,,,USD,234.74,,7.26,,35.00,242.00,0.00,2025
07/18/2025,,Reservation,HM2J9TBBFN,05/04/2025,07/11/2025,07/25/2025,14,Guest 091,Beautiful Heart of the City | 1BR Apt.,,,USD,766.13,,23.69,,30.57,789.82,0.00,2025
07/18/2025,,Reservation,HM4T5AMCKZ,07/12/2025,07/12/2025,07/19/2025,7,Guest 101,12th Floor Beautiful 2 Bedroom Apt,,,USD,550.96,,17.04,,45.00,568.00,0.00,2025
07/18/2025,,Reservation,HMRWA9WXEF,02/09/2025,07/17/2025,07/19/2025,2,Guest 102,Be One w/ Nature in Monte Plata,,,USD,354.05,,10.95,,65.00,365.00,0.00,2025
07/06/2025,07/07/2025,Payout,,,,,,,,"Transfer to Western Union, Diana Romer, DO (USD)",MTCN: 0142973366,USD,,2000.00,,,,,,
07/06/2025,,Reservation,HM5ATTQF9W,06/22/2025,06/27/2025,06/30/2025,3,Guest 103,Be One w/ Nature in Monte Plata,,,USD,59.47,,1.84,,5.99,61.31,0.00,2025
07/06/2025,,Reservation,HM285BQ8FA,05/29/2025,06/28/2025,07/08/2025,10,Guest 104,Stunning 1BR in amazing Sto Dgo,,,USD,527.68,,16.32,,30.00,544.00,0.00,2025
07/06/2025,,Reservation,HMZMRNBEBX,05/27/2025,07/01/2025,07/08/2025,7,Guest 105,Beautiful Heart of the City | 1BR Apt.,,,USD,486.16,,15.04,,35.00,501.20,0.00,2025
07/06/2025,,Reservation,HM8FP3ZPAB,07/02/2025,07/05/2025,07/07/2025,2,Guest 106,Be One w/ Nature in Monte Plata,,,USD,451.05,,13.95,,65.00,465.00,0.00,2025
07/06/2025,,Reservation,HMX9DE2ZNW,06/02/2025,07/05/2025,07/12/2025,7,Guest 099,12th Floor Beautiful 2 Bedroom Apt,,,USD,475.64,,14.71,,37.57,490.35,0.00,2025
06/28/2025,06/30/2025,Payout,,,,,,,,"Transfer to Western Union, Diana Romer, DO (USD)",MTCN: 9173486131,USD,,2000.00,,,,,,
06/28/2025,,Reservation,HM8EBWWTD4,03/27/2025,06/14/2025,06/21/2025,7,Guest 107,12th Floor Beautiful 2 Bedroom Apt,,,USD,151.52,,4.69,,13.75,156.21,0.00,2025
06/28/2025,,Reservation,HMDEPTYQJ4,06/17/2025,06/20/2025,06/22/2025,2,Guest 108,Be One w/ Nature in Monte Plata,,,USD,451.05,,13.95,,65.00,465.00,0.00,2025
06/28/2025,,Reservation,HMJQC95MRT,06/19/2025,06/21/2025,06/29/2025,8,Guest 109,12th Floor Beautiful 2 Bedroom Apt,,,USD,576.14,,17.82,,45.00,593.96,0.00,2025
06/28/2025,,Reservation,HMSKQS5KJ3,06/07/2025,06/26/2025,06/28/2025,2,Guest 110,Beautiful Heart of the City | 1BR Apt.,,,USD,167.81,,5.19,,35.00,173.00,0.00,2025
06/28/2025,,Reservation,HM9ARKFXAE,06/03/2025,06/26/2025,06/28/2025,2,Guest 019,Stunning 1BR in amazing Sto Dgo,,,USD,67.90,,2.10,,15.00,70.00,0.00,2025
06/28/2025,,Reservation,HM5ATTQF9W,06/22/2025,06/27/2025,06/30/2025,3,Guest 103,Be One w/ Nature in Monte Plata,,,USD,585.58,,18.11,,59.01,603.69,0.00,2025
06/17/2025,06/18/2025,Payout,,,,,,,,"Transfer to Western Union, Diana Romer, DO (USD)",MTCN: 0968322987,USD,,2000.00,,,,,,
06/17/2025,,Reservation,HM9AX3ZQZQ,05/22/2025,06/04/2025,06/25/2025,21,Guest 111,Beautiful Heart of the City | 1BR Apt.,,,USD,145.34,,4.50,,3.75,149.84,0.00,2025
06/17/2025,,Reservation,HMXMXFY2CB,06/03/2025,06/06/2025,06/08/2025,2,Guest 112,Be One w/ Nature in Monte Plata,,,USD,354.05,,10.95,,65.00,365.00,0.00,2025
06/17/2025,,Reservation,HMPJC83A2M,02/12/2025,06/07/2025,06/15/2025,8,Guest 113,Stunning 1BR in amazing Sto Dgo,,,USD,426.02,,13.18,,30.00,439.20,0.00,2025
06/17/2025,,Reservation,HMNM3ETSRN,06/02/2025,06/11/2025,06/14/2025,3,Guest 114,12th Floor Beautiful 2 Bedroom Apt,,,USD,247.35,,7.65,,45.00,255.00,0.00,2025
06/17/2025,,Reservation,HM8EBWWTD4,03/27/2025,06/14/2025,06/21/2025,7,Guest 107,12th Floor Beautiful 2 Bedroom Apt,,,USD,344.38,,10.65,,31.25,355.03,0.00,2025
06/17/2025,,Reservation,HMWZYY8PPZ,06/02/2025,06/16/2025,06/25/2025,9,Guest 115,Stunning 1BR in amazing Sto Dgo,,,USD,482.86,,14.93,,30.00,497.79,0.00,2025
06/05/2025,06/06/2025,Payout,,,,,,,,"Transfer to Western Union, Diana Romer, DO (USD)",MTCN: 1796423791,USD,,2000.00,,,,,,
06/05/2025,,Reservation,HM93ZEKHHR,05/20/2025,05/25/2025,06/02/2025,8,Guest 116,12th Floor Beautiful 2 Bedroom Apt,,,USD,284.65,,8.80,,20.94,293.45,0.00,2025
06/05/2025,,Reservation,HMPW3MN2AH,06/03/2025,06/04/2025,06/11/2025,7,Guest 117,12th Floor Beautiful 2 Bedroom Apt,,,USD,505.02,,15.62,,45.00,520.64,0.00,2025
06/05/2025,,Reservation,HM9AX3ZQZQ,05/22/2025,06/04/2025,06/25/2025,21,Guest 111,Beautiful Heart of the City | 1BR Apt.,,,USD,1210.33,,37.43,,31.25,1247.76,0.00,2025
05/31/2025,06/02/2025,Payout,,,,,,,,"Transfer to Western Union, Diana Romer, DO (USD)",MTCN: 6295206806,USD,,2000.00,,,,,,
05/31/2025,,Reservation,HMXBBN2ZM5,05/02/2025,05/12/2025,05/24/2025,12,Guest 118,12th Floor Beautiful 2 Bedroom Apt,,,USD,144.08,,4.46,,7.34,148.54,0.00,2025
05/31/2025,,Reservation,HMFBZQ2TK8,05/03/2025,05/23/2025,05/29/2025,6,Guest 070,Beautiful Heart of the City | 1BR Apt.,,,USD,480.15,,14.85,,35.00,495.00,0.00,2025
05/31/2025,,Reservation,HM93ZEKHHR,05/20/2025,05/25/2025,06/02/2025,8,Guest 116,12th Floor Beautiful 2 Bedroom Apt,,,USD,327.05,,10.12,,24.06,337.17,0.00,2025
05/31/2025,,Reservation,HM9ZDWF4NR,03/25/2025,05/26/2025,06/03/2025,8,Guest 119,Stunning 1BR in amazing Sto Dgo,,,USD,439.56,,13.59,,30.00,453.15,0.00,2025
05/31/2025,,Reservation,HMCB3QTYSR,05/29/2025,05/30/2025,06/01/2025,2,Guest 120,Be One w/ Nature in Monte Plata,,,USD,355.02,,10.98,,65.00,366.00,0.00,2025
05/31/2025,,Reservation,HMDMNWPNPT,05/30/2025,05/30/2025,06/02/2025,3,Guest 121,Beautiful Heart of the City | 1BR Apt.,,,USD,254.14,,7.86,,35.00,262.00,0.00,2025
05/22/2025,05/23/2025,Payout,,,,,,,,"Transfer to Western Union, Diana Romer, DO (USD)",MTCN: 7229854131,USD,,2000.00,,,,,,
05/22/2025,,Reservation,HMAKRHF9J9,02/28/2025,05/05/2025,05/26/2025,21,Guest 122,Stunning 1BR in amazing Sto Dgo,,,USD,41.37,,1.28,,1.11,42.65,0.00,2025
05/22/2025,,Reservation,HMF352AHFX,04/03/2025,05/09/2025,05/11/2025,2,Guest 123,Be One w/ Nature in Monte Plata,,,USD,354.05,,10.95,,65.00,365.00,0.00,2025
05/22/2025,,Reservation,HMZQJPTWFN,05/11/2025,05/11/2025,05/13/2025,2,Guest 124,Beautiful Heart of the City | 1BR Apt.,,,USD,167.81,,5.19,,35.00,173.00,0.00,2025
05/22/2025,,Reservation,HMXBBN2ZM5,05/02/2025,05/12/2025,05/24/2025,12,Guest 118,12th Floor Beautiful 2 Bedroom Apt,,,USD,739.34,,22.86,,37.66,762.20,0.00,2025
05/22/2025,,Reservation,HM22BDQCBK,05/06/2025,05/13/2025,05/18/2025,5,Guest 125,Beautiful Heart of the City | 1BR Apt.,,,USD,364.72,,11.28,,35.00,376.00,0.00,2025
05/22/2025,,Reservation,HMB2ZSCAWZ,03/16/2025,05/18/2025,05/20/2025,2,Guest 091,Beautiful Heart of the City | 1BR Apt.,,,USD,166.84,,5.16,,35.00,172.00,0.00,2025
05/22/2025,,Reservation,HMTXBWJNWT,05/21/2025,05/21/2025,05/23/2025,2,Guest 126,Beautiful Heart of the City | 1BR Apt.,,,USD,165.87,,5.13,,35.00,171.00,0.00,2025
05/08/2025,05/09/2025,Payout,,,,,,,,"Transfer to Western Union, Diana Romer, DO (USD)",MTCN: 2671693653,USD,,2000.00,,,,,,
05/08/2025,,Reservation,HMY2RCES8X,04/24/2025,05/02/2025,05/04/2025,2,Guest 127,Beautiful Heart of the City | 1BR Apt.,,,USD,166.84,,5.16,,35.00,172.00,0.00,2025
05/08/2025,,Reservation,HMFAZP23SQ,03/20/2025,05/03/2025,05/05/2025,2,Guest 016,Be One w/ Nature in Monte Plata,,,USD,354.05,,10.95,,65.00,365.00,0.00,2025
05/08/2025,,Reservation,HMZTHY58KD,04/29/2025,05/05/2025,05/07/2025,2,Guest 128,Beautiful Heart of the City | 1BR Apt.,,,USD,166.84,,5.16,,35.00,172.00,0.00,2025
05/08/2025,,Reservation,HMAKRHF9J9,02/28/2025,05/05/2025,05/26/2025,21,Guest 122,Stunning 1BR in amazing Sto Dgo,,,USD,1076.56,,33.30,,28.89,1109.86,0.00,2025
05/08/2025,,Reservation,HMH3Q9K248,04/24/2025,05/07/2025,05/10/2025,3,Guest 129,Beautiful Heart of the City | 1BR Apt.,,,USD,235.71,,7.29,,35.00,243.00,0.00,2025
05/01/2025,05/02/2025,Payout,,,,,,,,"Transfer to Western Union, Diana Romer, DO (USD)",MTCN: 3665090967,USD,,1055.55,,,,,,
05/01/2025,,Reservation,HMRHZJMEZK,02/16/2025,04/20/2025,05/10/2025,20,Guest 130,12th Floor Beautiful 2 Bedroom Apt,,,USD,305.74,,9.46,,0.00,315.20,0.00,2025
05/01/2025,,Reservation,HMNXZJ44PY,03/28/2025,04/25/2025,04/27/2025,2,Guest 131,Stunning 1BR in amazing Sto Dgo,,,USD,139.68,,4.32,,30.00,144.00,0.00,2025
05/01/2025,,Reservation,HMTJMTBEYX,04/04/2025,04/27/2025,05/02/2025,5,Guest 132,Beautiful Heart of the City | 1BR Apt.,,,USD,364.72,,11.28,,35.00,376.00,0.00,2025
05/01/2025,,Reservation,HMA33XRWKP,04/25/2025,04/30/2025,05/04/2025,4,Guest 133,Stunning 1BR in amazing Sto Dgo,,,USD,245.41,,7.59,,30.00,253.00,0.00,2025
04/21/2025,04/22/2025,Payout,,,,,,,,"Transfer to Western Union, Diana Romer, DO (USD)",MTCN: 0859105179,USD,,1316.10,,,,,,
04/21/2025,,Reservation,HMQPRJDQRQ,04/14/2025,04/19/2025,04/24/2025,5,Guest 019,Stunning 1BR in amazing Sto Dgo,,,USD,296.82,,9.18,,30.00,306.00,0.00,2025
04/21/2025,,Reservation,HMRHZJMEZK,02/16/2025,04/20/2025,05/10/2025,20,Guest 130,12th Floor Beautiful 2 Bedroom Apt,,,USD,1019.28,,31.52,,45.00,1050.80,0.00,2025
04/18/2025,04/21/2025,Payout,,,,,,,,"Transfer to Western Union, Diana Romer, DO (USD)",MTCN: 8089307890,USD,,1442.00,,,,,,
04/18/2025,,Reservation,HM4QQK8Y4K,03/19/2025,04/14/2025,04/19/2025,5,Guest 134,12th Floor Beautiful 2 Bedroom Apt,,,USD,334.65,,10.35,,45.00,345.00,0.00,2025
04/18/2025,,Reservation,HM4QQK8Y4K,03/19/2025,04/14/2025,04/19/2025,5,Guest 134,12th Floor Beautiful 2 Bedroom Apt,,,USD,87.30,,2.70,,0.00,90.00,0.00,2025
04/18/2025,,Reservation,HMCSBBSK8M,01/20/2025,04/17/2025,04/20/2025,3,Guest 135,Be One w/ Nature in Monte Plata,,,USD,354.05,,10.95,,65.00,365.00,0.00,2025
04/18/2025,,Reservation,HMHPYCXK4F,03/30/2025,04/17/2025,04/26/2025,9,Guest 136,Beautiful Heart of the City | 1BR Apt.,,,USD,666.00,,20.60,,35.00,686.60,0.00,2025
04/14/2025,04/15/2025,Payout,,,,,,,,"Transfer to Western Union, Diana Romer, DO (USD)",MTCN: 5588976937,USD,,1498.65,,,,,,
04/14/2025,,Reservation,HMWRES5PDT,03/19/2025,04/07/2025,04/10/2025,3,Guest 137,Beautiful Heart of the City | 1BR Apt.,,,USD,231.83,,7.17,,35.00,239.00,0.00,2025
04/14/2025,,Reservation,HM9FBE9MBP,04/09/2025,04/09/2025,04/11/2025,2,Guest 138,12th Floor Beautiful 2 Bedroom Apt,,,USD,170.72,,5.28,,40.00,176.00,0.00,2025
04/14/2025,,Reservation,HM2QPNNNHS,04/09/2025,04/10/2025,04/14/2025,4,Guest 139,Stunning 1BR in amazing Sto Dgo,,,USD,232.80,,7.20,,30.00,240.00,0.00,2025
04/14/2025,,Reservation,HMQQ2BNQDS,04/10/2025,04/10/2025,04/15/2025,5,Guest 140,Beautiful Heart of the City | 1BR Apt.,,,USD,293.91,,9.09,,35.00,303.00,0.00,2025
04/14/2025,,Reservation,HMQQ2BNQDS,04/10/2025,04/10/2025,04/15/2025,5,Guest 140,Beautiful Heart of the City | 1BR Apt.,,,USD,67.90,,2.10,,0.00,70.00,0.00,2025
04/14/2025,,Reservation,HM4PS24DJJ,04/07/2025,04/13/2025,04/16/2025,3,Guest 141,Be One w/ Nature in Monte Plata,,,USD,501.49,,15.51,,65.00,517.00,0.00,2025
04/03/2025,04/04/2025,Payout,,,,,,,,"Transfer to Western Union, Diana Romer, DO (USD)",MTCN: 1016173486,USD,,1298.00,,,,,,
04/03/2025,,Reservation,HM5XK2ZR4Q,03/05/2025,03/28/2025,04/06/2025,9,Guest 001,Stunning 1BR in amazing Sto Dgo,,,USD,478.35,,14.79,,30.00,493.14,0.00,2025
04/03/2025,,Reservation,HMJ43JCHAM,03/26/2025,04/01/2025,04/07/2025,6,Guest 124,Beautiful Heart of the City | 1BR Apt.,,,USD,432.62,,13.38,,35.00,446.00,0.00,2025
04/03/2025,,Reservation,HMHE3MFEN3,03/22/2025,04/02/2025,04/07/2025,5,Guest 142,12th Floor Beautiful 2 Bedroom Apt,,,USD,387.03,,11.97,,45.00,399.00,0.00,2025
03/28/2025,03/31/2025,Payout,,,,,,,,"Transfer to Western Union, Diana Romer, DO (USD)",MTCN: 5941902745,USD,,1350.24,,,,,,
03/28/2025,,Reservation,HM8HQZT9C3,01/17/2025,03/24/2025,03/27/2025,3,Guest 143,Beautiful Heart of the City | 1BR Apt.,,,USD,231.83,,7.17,,35.00,239.00,0.00,2025
03/28/2025,,Reservation,HM4D59HERM,03/10/2025,03/24/2025,03/26/2025,2,Guest 144,Stunning 1BR in amazing Sto Dgo,,,USD,130.95,,4.05,,30.00,135.00,0.00,2025
03/28/2025,,Reservation,HM2MNJ5TZ2,03/23/2025,03/24/2025,03/26/2025,2,Guest 145,12th Floor Beautiful 2 Bedroom Apt,,,USD,173.63,,5.37,,40.00,179.00,0.00,2025
03/28/2025,,Reservation,HMBXNK52Y5,02/09/2025,03/27/2025,04/02/2025,6,Guest 146,12th Floor Beautiful 2 Bedroom Apt,,,USD,479.18,,14.82,,45.00,494.00,0.00,2025
03/28/2025,,Reservation,HMQQCHTKNZ,03/07/2025,03/27/2025,04/01/2025,5,Guest 147,Beautiful Heart of the City | 1BR Apt.,,,USD,334.65,,10.35,,35.00,345.00,0.00,2025
03/22/2025,03/24/2025,Payout,,,,,,,,"Transfer to Western Union, Diana Romer, DO (USD)",MTCN: 8161614637,USD,,1462.76,,,,,,
03/22/2025,,Reservation,HM55FTDF4N,03/13/2025,03/13/2025,03/15/2025,2,Guest 148,Beautiful Heart of the City | 1BR Apt.,,,USD,152.29,,4.71,,35.00,157.00,0.00,2025
03/22/2025,,Reservation,HMTN3S9ST5,02/04/2025,03/15/2025,03/18/2025,3,Guest 149,Beautiful Heart of the City | 1BR Apt.,,,USD,258.99,,8.01,,35.00,267.00,0.00,2025
03/22/2025,,Reservation,HMYT3FW33D,03/16/2025,03/17/2025,03/21/2025,4,Guest 150,Stunning 1BR in amazing Sto Dgo,,,USD,237.65,,7.35,,30.00,245.00,0.00,2025
03/22/2025,,Reservation,HMPW29EC2E,02/23/2025,03/19/2025,03/23/2025,4,Guest 149,Beautiful Heart of the City | 1BR Apt.,,,USD,303.61,,9.39,,35.00,313.00,0.00,2025
03/22/2025,,Reservation,HMMHFAAZAF,02/11/2025,03/21/2025,03/24/2025,3,Guest 019,Stunning 1BR in amazing Sto Dgo,,,USD,194.97,,6.03,,30.00,201.00,0.00,2025
03/22/2025,,Reservation,HMJBPKC2C3,03/06/2025,03/21/2025,03/23/2025,2,Guest 151,Be One w/ Nature in Monte Plata,,,USD,315.25,,9.75,,65.00,325.00,0.00,2025
03/13/2025,03/14/2025,Payout,,,,,,,,"Transfer to Western Union, Diana Romer, DO (USD)",MTCN: 5048591973,USD,,1238.05,,,,,,
03/13/2025,,Reservation,HM9DACE8BY,03/07/2025,03/08/2025,03/10/2025,2,Guest 071,12th Floor Beautiful 2 Bedroom Apt,,,USD,176.54,,5.46,,40.00,182.00,0.00,2025
03/13/2025,,Reservation,HMKHP933FY,02/23/2025,03/10/2025,03/13/2025,3,Guest 152,Beautiful Heart of the City | 1BR Apt.,,,USD,232.80,,7.20,,35.00,240.00,0.00,2025
03/13/2025,,Reservation,HMAE59AQM3,01/16/2025,03/12/2025,03/24/2025,12,Guest 153,12th Floor Beautiful 2 Bedroom Apt,,,USD,828.71,,25.63,,45.00,854.34,0.00,2025
03/07/2025,03/10/2025,Payout,,,,,,,,"Transfer to Western Union, Diana Romer, DO (USD)",MTCN: 2283880949,USD,,1097.88,,,,,,
03/07/2025,,Reservation,HMF8NJRAFX,01/27/2025,02/28/2025,03/07/2025,7,Guest 154,12th Floor Beautiful 2 Bedroom Apt,,,USD,499.55,,15.45,,45.00,515.00,0.00,2025
03/07/2025,,Reservation,HMDQ8FSMBM,01/28/2025,03/06/2025,03/17/2025,11,Guest 150,Stunning 1BR in amazing Sto Dgo,,,USD,598.33,,18.50,,30.00,616.83,0.00,2025
02/28/2025,03/03/2025,Payout,,,,,,,,"Transfer to Western Union, Diana Romer, DO (USD)",MTCN: 5928637468,USD,,1453.31,,,,,,
02/28/2025,,Reservation,HM4EWF39P9,12/03/2024,02/19/2025,03/03/2025,12,Guest 067,Stunning 1BR in amazing Sto Dgo,,,USD,635.31,,19.65,,30.00,654.96,0.00,2025
02/28/2025,,Reservation,HMDBRQQXS8,01/12/2025,02/24/2025,02/26/2025,2,Guest 095,Beautiful Heart of the City | 1BR Apt.,,,USD,166.84,,5.16,,35.00,172.00,0.00,2025
02/28/2025,,Reservation,HMAXRRXCDT,02/13/2025,02/27/2025,03/09/2025,10,Guest 136,Beautiful Heart of the City | 1BR Apt.,,,USD,651.16,,20.14,,35.00,671.30,0.00,2025
02/17/2025,02/17/2025,Payout,,,,,,,,Transfer to PayPal: n••••o‌@gmail‌․‌com (USD),R2TUQTW43BR7A,USD,,299.73,,,,,,
02/17/2025,,Reservation,HM38FEWPAQ,02/11/2025,02/16/2025,02/20/2025,4,Guest 155,Beautiful Heart of the City | 1BR Apt.,,,USD,299.73,,9.27,,35.00,309.00,0.00,2025
02/16/2025,02/16/2025,Payout,,,,,,,,Transfer to PayPal: n••••o‌@gmail‌․‌com (USD),GL5UD9CKTNFGC,USD,,242.50,,,,,,
02/16/2025,,Reservation,HMZD95JQJH,01/22/2025,02/15/2025,02/19/2025,4,Guest 156,Stunning 1BR in amazing Sto Dgo,,,USD,242.50,,7.50,,30.00,250.00,0.00,2025
02/15/2025,02/15/2025,Payout,,,,,,,,Transfer to PayPal: n••••o‌@gmail‌․‌com (USD),DSRGSUSHV85B6,USD,,991.28,,,,,,
02/15/2025,,Reservation,HM85WSQAQC,12/15/2024,02/14/2025,02/23/2025,9,Guest 157,12th Floor Beautiful 2 Bedroom Apt,,,USD,637.23,,19.71,,45.00,656.94,0.00,2025
02/15/2025,,Reservation,HMEYY5RTPD,02/04/2025,02/14/2025,02/16/2025,2,Guest 158,Be One w/ Nature in Monte Plata,,,USD,354.05,,10.95,,65.00,365.00,0.00,2025
02/14/2025,02/14/2025,Payout,,,,,,,,Transfer to PayPal: n••••o‌@gmail‌․‌com (USD),W9FWN5WMKGPM4,USD,,168.78,,,,,,
02/14/2025,,Reservation,HM3KBPS8YH,02/12/2025,02/13/2025,02/15/2025,2,Guest 159,Beautiful Heart of the City | 1BR Apt.,,,USD,168.78,,5.22,,35.00,174.00,0.00,2025
02/13/2025,02/13/2025,Payout,,,,,,,,Transfer to PayPal: n••••o‌@gmail‌․‌com (USD),YMW9PJM7FXYW2,USD,,191.09,,,,,,
02/13/2025,,Reservation,HME8Z88H8R,01/08/2025,02/12/2025,02/15/2025,3,Guest 160,Stunning 1BR in amazing Sto Dgo,,,USD,191.09,,5.91,,30.00,197.00,0.00,2025
02/12/2025,02/12/2025,Payout,,,,,,,,Transfer to PayPal: n••••o‌@gmail‌․‌com (USD),Z8KLKPRUMT6YG,USD,,247.35,,,,,,
02/12/2025,,Reservation,HMKE35SZ5J,02/07/2025,02/11/2025,02/14/2025,3,Guest 161,12th Floor Beautiful 2 Bedroom Apt,,,USD,247.35,,7.65,,45.00,255.00,0.00,2025
02/11/2025,02/11/2025,Payout,,,,,,,,Transfer to PayPal: n••••o‌@gmail‌․‌com (USD),9RTJ89E9EQCJY,USD,,229.89,,,,,,
02/11/2025,,Reservation,HM5YQMREHE,02/05/2025,02/10/2025,02/13/2025,3,Guest 162,Beautiful Heart of the City | 1BR Apt.,,,USD,229.89,,7.11,,35.00,237.00,0.00,2025
02/08/2025,02/08/2025,Payout,,,,,,,,Transfer to PayPal: n••••o‌@gmail‌․‌com (USD),ESMKTYHLNG3YQ,USD,,135.80,,,,,,
02/08/2025,,Reservation,HME3J9SS5H,01/30/2025,02/07/2025,02/09/2025,2,Guest 019,Stunning 1BR in amazing Sto Dgo,,,USD,135.80,,4.20,,30.00,140.00,0.00,2025
02/07/2025,02/07/2025,Payout,,,,,,,,Transfer to PayPal: n••••o‌@gmail‌․‌com (USD),GSSBLXLJE84XG,USD,,613.04,,,,,,
02/07/2025,,Reservation,HMYS82BN28,01/22/2025,02/06/2025,02/10/2025,4,Guest 163,Beautiful Heart of the City | 1BR Apt.,,,USD,297.79,,9.21,,35.00,307.00,0.00,2025
02/07/2025,,Reservation,HMZE5AC3R4,01/24/2025,02/06/2025,02/10/2025,4,Guest 164,12th Floor Beautiful 2 Bedroom Apt,,,USD,315.25,,9.75,,45.00,325.00,0.00,2025
02/03/2025,02/03/2025,Payout,,,,,,,,Transfer to PayPal: n••••o‌@gmail‌․‌com (USD),J78GWKXKYRJDU,USD,,174.60,,,,,,
02/03/2025,,Reservation,HM5S5TAFKB,01/04/2025,02/02/2025,02/04/2025,2,Guest 165,12th Floor Beautiful 2 Bedroom Apt,,,USD,174.60,,5.40,,40.00,180.00,0.00,2025
02/01/2025,02/01/2025,Payout,,,,,,,,Transfer to PayPal: n••••o‌@gmail‌․‌com (USD),6QHSFYMLQ8M52,USD,,406.43,,,,,,
02/01/2025,,Reservation,HM9H5M4AEF,01/26/2025,01/31/2025,02/02/2025,2,Guest 166,12th Floor Beautiful 2 Bedroom Apt,,,USD,174.60,,5.40,,40.00,180.00,0.00,2025
02/01/2025,,Reservation,HMMABHF3FD,01/30/2025,01/31/2025,02/03/2025,3,Guest 167,Beautiful Heart of the City | 1BR Apt.,,,USD,231.83,,7.17,,35.00,239.00,0.00,2025
01/29/2025,01/29/2025,Payout,,,,,,,,Transfer to PayPal: n••••o‌@gmail‌․‌com (USD),ZRB8CACUKVB92,USD,,116.40,,,,,,
01/29/2025,,Reservation,HMK53SM99Y,01/22/2025,01/27/2025,01/30/2025,3,Guest 168,Be One w/ Nature in Monte Plata,,,USD,116.40,,3.60,,0.00,120.00,0.00,2025
01/28/2025,01/28/2025,Payout,,,,,,,,Transfer to PayPal: n••••o‌@gmail‌․‌com (USD),HJL8V4LVRKLQU,USD,,863.30,,,,,,
01/28/2025,,Reservation,HMYEM22CM4,11/14/2024,01/27/2025,02/06/2025,10,Guest 169,Stunning 1BR in amazing Sto Dgo,,,USD,509.25,,15.75,,0.00,525.00,0.00,2025
01/28/2025,,Reservation,HMK53SM99Y,01/22/2025,01/27/2025,01/30/2025,3,Guest 168,Be One w/ Nature in Monte Plata,,,USD,354.05,,10.95,,65.00,365.00,0.00,2025
01/27/2025,01/27/2025,Payout,,,,,,,,Transfer to PayPal: n••••o‌@gmail‌․‌com (USD),W9JJ6EC8SSAWE,USD,,401.58,,,,,,
01/27/2025,,Reservation,HMKSPPDTKF,12/17/2024,01/26/2025,01/31/2025,5,Guest 170,12th Floor Beautiful 2 Bedroom Apt,,,USD,401.58,,12.42,,45.00,414.00,0.00,2025
01/24/2025,01/24/2025,Payout,,,,,,,,Transfer to PayPal: n••••o‌@gmail‌․‌com (USD),WRYEXZ59XRB24,USD,,514.97,,,,,,
01/24/2025,,Reservation,HMC5FD2YB9,12/26/2024,01/23/2025,01/31/2025,8,Guest 171,Beautiful Heart of the City | 1BR Apt.,,,USD,514.97,,15.93,,35.00,530.90,0.00,2025
01/23/2025,01/23/2025,Payout,,,,,,,,Transfer to PayPal: n••••o‌@gmail‌․‌com (USD),3D5EE73DNB9C6,USD,,257.05,,,,,,
01/23/2025,,Reservation,HMPHYQ2EF8,12/18/2024,01/22/2025,01/24/2025,2,Guest 172,Be One w/ Nature in Monte Plata,,,USD,257.05,,7.95,,65.00,265.00,0.00,2025
01/20/2025,01/20/2025,Payout,,,,,,,,Transfer to PayPal: n••••o‌@gmail‌․‌com (USD),YLJPNFVXEKP88,USD,,490.43,,,,,,
01/20/2025,,Reservation,HMH9T3TD38,01/08/2025,01/19/2025,01/26/2025,7,Guest 173,12th Floor Beautiful 2 Bedroom Apt,,,USD,490.43,,15.17,,45.00,505.60,0.00,2025
01/19/2025,01/19/2025,Payout,,,,,,,,Transfer to PayPal: n••••o‌@gmail‌․‌com (USD),D8XL4ZRZBETFS,USD,,355.99,,,,,,
01/19/2025,,Reservation,HMX5R4ZBXD,12/09/2024,01/18/2025,01/21/2025,3,Guest 174,Be One w/ Nature in Monte Plata,,,USD,355.99,,11.01,,65.00,367.00,0.00,2025
01/16/2025,01/16/2025,Payout,,,,,,,,Transfer to PayPal: n••••o‌@gmail‌․‌com (USD),6UQVRT8HLSDQQ,USD,,769.11,,,,,,
01/16/2025,,Reservation,HMCYT4HX2C,12/26/2024,01/15/2025,01/22/2025,7,Guest 175,Beautiful Heart of the City | 1BR Apt.,,,USD,453.86,,14.04,,35.00,467.90,0.00,2025
01/16/2025,,Reservation,HMNX32ENYT,01/05/2025,01/15/2025,01/19/2025,4,Guest 176,12th Floor Beautiful 2 Bedroom Apt,,,USD,315.25,,9.75,,45.00,325.00,0.00,2025
01/13/2025,01/13/2025,Payout,,,,,,,,Transfer to PayPal: n••••o‌@gmail‌․‌com (USD),Y2YNVBXVEGTQJ,USD,,652.47,,,,,,
01/13/2025,,Reservation,HMM5FAWWCF,10/29/2024,01/12/2025,01/23/2025,11,Guest 001,Stunning 1BR in amazing Sto Dgo,,,USD,652.47,,20.18,,30.00,672.65,0.00,2025
01/12/2025,01/12/2025,Payout,,,,,,,,Transfer to PayPal: n••••o‌@gmail‌․‌com (USD),QU32VZAEZUKHG,USD,,231.83,,,,,,
01/12/2025,,Reservation,HMK8PACJZW,01/10/2025,01/11/2025,01/14/2025,3,Guest 177,Beautiful Heart of the City | 1BR Apt.,,,USD,231.83,,7.17,,35.00,239.00,0.00,2025
01/08/2025,01/08/2025,Payout,,,,,,,,Transfer to PayPal: n••••o‌@gmail‌․‌com (USD),TWVD875D6R6AS,USD,,258.02,,,,,,
01/08/2025,,Reservation,HMQAKSDDEN,01/04/2025,01/07/2025,01/10/2025,3,Guest 178,Beautiful Heart of the City | 1BR Apt.,,,USD,258.02,,7.98,,35.00,266.00,0.00,2025
01/06/2025,01/06/2025,Payout,,,,,,,,Transfer to PayPal: n••••o‌@gmail‌․‌com (USD),KZ5HR2KVT96M6,USD,,157.14,,,,,,
01/06/2025,,Reservation,HMYMDNW3WJ,01/04/2025,01/04/2025,01/10/2025,6,Guest 179,Stunning 1BR in amazing Sto Dgo,,,USD,157.14,,4.86,,0.00,162.00,0.00,2025
01/05/2025,01/05/2025,Payout,,,,,,,,Transfer to PayPal: n••••o‌@gmail‌․‌com (USD),Q57HA4R7LV6AG,USD,,189.15,,,,,,
01/05/2025,,Reservation,HMYMDNW3WJ,01/04/2025,01/04/2025,01/10/2025,6,Guest 179,Stunning 1BR in amazing Sto Dgo,,,USD,189.15,,5.85,,30.00,195.00,0.00,2025
12/29/2024,12/29/2024,Payout,,,,,,,,Transfer to PayPal: n••••o‌@gmail‌․‌com (USD),H2KD8ECAU67HW,USD,,164.90,,,,,,
12/29/2024,,Reservation,HMQWNA4FWP,12/25/2024,12/28/2024,12/30/2024,2,Guest 180,Stunning 1BR in amazing Sto Dgo,,,USD,164.90,,5.10,,30.00,170.00,0.00,2024
12/26/2024,12/26/2024,Payout,,,,,,,,Transfer to PayPal: n••••o‌@gmail‌․‌com (USD),FGUTBD532CL62,USD,,237.65,,,,,,
12/26/2024,,Reservation,HMJMFQKR4Z,12/22/2024,12/25/2024,12/28/2024,3,Guest 181,Stunning 1BR in amazing Sto Dgo,,,USD,237.65,,7.35,,30.00,245.00,0.00,2024
12/25/2024,12/25/2024,Payout,,,,,,,,Transfer to PayPal: n••••o‌@gmail‌․‌com (USD),BB6QAQECTRSBA,USD,,935.76,,,,,,
12/25/2024,,Reservation,HMBCFNF8N5,09/24/2024,12/24/2024,01/06/2025,13,Guest 091,Beautiful Heart of the City | 1BR Apt.,,,USD,935.76,,28.94,,35.00,964.70,0.00,2024
12/21/2024,12/21/2024,Payout,,,,,,,,Transfer to PayPal: n••••o‌@gmail‌․‌com (USD),67GN72B2YCWJG,USD,,189.15,,,,,,
12/21/2024,,Reservation,HM2THCYBEW,12/20/2024,12/20/2024,12/22/2024,2,Guest 182,Beautiful Heart of the City | 1BR Apt.,,,USD,189.15,,5.85,,35.00,195.00,0.00,2024
12/18/2024,12/18/2024,Payout,,,,,,,,Transfer to PayPal: n••••o‌@gmail‌․‌com (USD),4M44UYLHKD9TS,USD,,233.77,,,,,,
12/18/2024,,Reservation,HMCZKMJMHC,09/11/2024,12/17/2024,12/20/2024,3,Guest 091,Beautiful Heart of the City | 1BR Apt.,,,USD,233.77,,7.23,,35.00,241.00,0.00,2024
12/17/2024,12/17/2024,Payout,,,,,,,,Transfer to PayPal: n••••o‌@gmail‌․‌com (USD),NE7FTUBTLNW3U,USD,,2349.22,,,,,,
12/17/2024,,Reservation,HMHAETY924,12/05/2024,12/16/2024,01/15/2025,30,Guest 183,12th Floor Beautiful 2 Bedroom Apt,,,USD,2349.22,,72.66,,45.00,2421.88,0.00,2024
12/15/2024,12/15/2024,Payout,,,,,,,,Transfer to PayPal: n••••o‌@gmail‌․‌com (USD),6UAM49YLSU9BL,USD,,447.67,,,,,,
12/15/2024,,Reservation,HMKJWKB4B4,11/21/2024,12/14/2024,12/22/2024,8,Guest 133,Stunning 1BR in amazing Sto Dgo,,,USD,447.67,,13.85,,30.00,461.52,0.00,2024
12/14/2024,12/14/2024,Payout,,,,,,,,Transfer to PayPal: n••••o‌@gmail‌․‌com (USD),KCWVY2UC4HS62,USD,,247.35,,,,,,
12/14/2024,,Reservation,HMPC884PNS,12/08/2024,12/13/2024,12/16/2024,3,Guest 184,12th Floor Beautiful 2 Bedroom Apt,,,USD,247.35,,7.65,,45.00,255.00,0.00,2024
12/10/2024,12/10/2024,Payout,,,,,,,,Transfer to PayPal: n••••o‌@gmail‌․‌com (USD),63YRXLZ8RXNJA,USD,,247.35,,,,,,
12/10/2024,,Reservation,HMFZHWB4R9,12/02/2024,12/09/2024,12/12/2024,3,Guest 180,12th Floor Beautiful 2 Bedroom Apt,,,USD,247.35,,7.65,,45.00,255.00,0.00,2024
12/01/2024,12/01/2024,Payout,,,,,,,,Transfer to PayPal: n••••o‌@gmail‌․‌com (USD),XE22UYCHV8YJY,USD,,579.79,,,,,,
12/01/2024,,Reservation,HMAX45WT9F,10/02/2024,11/30/2024,12/07/2024,7,Guest 185,12th Floor Beautiful 2 Bedroom Apt,,,USD,579.79,,17.93,,45.00,597.72,0.00,2024
11/26/2024,11/26/2024,Payout,,,,,,,,Transfer to PayPal: n••••o‌@gmail‌․‌com (USD),X2LJRCCYL8DTY,USD,,383.15,,,,,,
11/26/2024,,Reservation,HM5KXWF3HF,11/16/2024,11/25/2024,11/30/2024,5,Guest 186,12th Floor Beautiful 2 Bedroom Apt,,,USD,383.15,,11.85,,45.00,395.00,0.00,2024
11/23/2024,11/23/2024,Payout,,,,,,,,Transfer to PayPal: n••••o‌@gmail‌․‌com (USD),2GCQ3KS6S3RSA,USD,,257.05,,,,,,
11/23/2024,,Reservation,HMN23MDWD3,11/09/2024,11/22/2024,11/24/2024,2,Guest 187,Be One w/ Nature in Monte Plata,,,USD,257.05,,7.95,,65.00,265.00,0.00,2024
11/21/2024,11/21/2024,Payout,,,,,,,,Transfer to PayPal: n••••o‌@gmail‌․‌com (USD),XFNH9X53LAZWG,USD,,315.25,,,,,,
11/21/2024,,Reservation,HMB3ZCAQJ9,11/05/2024,11/20/2024,11/24/2024,4,Guest 188,12th Floor Beautiful 2 Bedroom Apt,,,USD,315.25,,9.75,,45.00,325.00,0.00,2024
11/18/2024,11/18/2024,Payout,,,,,,,,Transfer to PayPal: n••••o‌@gmail‌․‌com (USD),BG4GZ6VN589WE,USD,,1808.79,,,,,,
11/18/2024,,Reservation,HMR5A9N9CF,09/17/2024,10/17/2024,12/13/2024,57,Guest 189,Beautiful Heart of the City | 1BR Apt.,,,USD,1808.79,,55.94,,9.17,1864.73,0.00,2024
11/16/2024,11/16/2024,Payout,,,,,,,,Transfer to PayPal: n••••o‌@gmail‌․‌com (USD),CQT4PBZ5RYVW4,USD,,780.85,,,,,,
11/16/2024,,Reservation,HMEKJHM2NC,07/17/2024,11/15/2024,11/19/2024,4,Guest 190,12th Floor Beautiful 2 Bedroom Apt,,,USD,372.48,,11.52,,45.00,384.00,0.00,2024
11/16/2024,,Reservation,HM9CWHRBE8,10/29/2024,11/15/2024,11/17/2024,2,Guest 191,Be One w/ Nature in Monte Plata,,,USD,408.37,,12.63,,65.00,421.00,0.00,2024
11/09/2024,11/09/2024,Payout,,,,,,,,Transfer to PayPal: n••••o‌@gmail‌․‌com (USD),2P9KXHL9LHD4U,USD,,317.19,,,,,,
11/09/2024,,Reservation,HMYXRWQADX,11/02/2024,11/08/2024,11/12/2024,4,Guest 192,12th Floor Beautiful 2 Bedroom Apt,,,USD,317.19,,9.81,,45.00,327.00,0.00,2024
11/06/2024,11/06/2024,Payout,,,,,,,,Transfer to PayPal: n••••o‌@gmail‌․‌com (USD),DE89RWA6VBEAQ,USD,,159.08,,,,,,
11/06/2024,,Reservation,HM84DEFBEA,11/04/2024,11/05/2024,11/07/2024,2,Guest 193,12th Floor Beautiful 2 Bedroom Apt,,,USD,159.08,,4.92,,40.00,164.00,0.00,2024
11/03/2024,11/03/2024,Payout,,,,,,,,Transfer to PayPal: n••••o‌@gmail‌․‌com (USD),R8M6ES2AZPVZA,USD,,280.33,,,,,,
11/03/2024,,Reservation,HMB4WKYHWP,10/20/2024,11/02/2024,11/04/2024,2,Guest 194,Be One w/ Nature in Monte Plata,,,USD,280.33,,8.67,,65.00,289.00,0.00,2024
11/01/2024,11/01/2024,Payout,,,,,,,,Transfer to PayPal: n••••o‌@gmail‌․‌com (USD),66KQMXDW2S9R2,USD,,426.80,,,,,,
11/01/2024,,Reservation,HMR3NDHDTB,10/17/2024,10/31/2024,11/05/2024,5,Guest 195,12th Floor Beautiful 2 Bedroom Apt,,,USD,426.80,,13.20,,45.00,440.00,0.00,2024
10/29/2024,10/29/2024,Payout,,,,,,,,Transfer to PayPal: n••••o‌@gmail‌․‌com (USD),XSLKJ9Q5D8RVN,USD,,273.54,,,,,,
10/29/2024,,Reservation,HMXHEJRSHF,10/22/2024,10/28/2024,10/31/2024,3,Guest 196,12th Floor Beautiful 2 Bedroom Apt,,,USD,273.54,,8.46,,45.00,282.00,0.00,2024
10/25/2024,10/25/2024,Payout,,,,,,,,Transfer to PayPal: n••••o‌@gmail‌․‌com (USD),VTW85UVPEBN3Q,USD,,273.54,,,,,,
10/25/2024,,Reservation,HMZB5KPHEY,10/20/2024,10/24/2024,10/27/2024,3,Guest 197,12th Floor Beautiful 2 Bedroom Apt,,,USD,273.54,,8.46,,45.00,282.00,0.00,2024
10/23/2024,10/23/2024,Payout,,,,,,,,Transfer to PayPal: n••••o‌@gmail‌․‌com (USD),USYXJT5LBWM6Y,USD,,153.26,,,,,,
10/23/2024,,Reservation,HMHPWCWWEP,10/22/2024,10/22/2024,10/24/2024,2,Guest 198,12th Floor Beautiful 2 Bedroom Apt,,,USD,153.26,,4.74,,40.00,158.00,0.00,2024
10/20/2024,10/20/2024,Payout,,,,,,,,Transfer to PayPal: n••••o‌@gmail‌․‌com (USD),2ADC2WQJB4AWA,USD,,174.60,,,,,,
10/20/2024,,Reservation,HM5ZZWMBZ8,10/17/2024,10/19/2024,10/21/2024,2,Guest 199,12th Floor Beautiful 2 Bedroom Apt,,,USD,174.60,,5.40,,40.00,180.00,0.00,2024
10/18/2024,10/18/2024,Payout,,,,,,,,Transfer to PayPal: n••••o‌@gmail‌․‌com (USD),WA7NMQBXQ2VQA,USD,,1837.98,,,,,,
10/18/2024,,Reservation,HMR5A9N9CF,09/17/2024,10/17/2024,12/13/2024,57,Guest 189,Beautiful Heart of the City | 1BR Apt.,,,USD,1837.98,,56.85,,25.83,1894.83,0.00,2024
10/14/2024,10/14/2024,Payout,,,,,,,,Transfer to PayPal: n••••o‌@gmail‌․‌com (USD),MUNX5UD4WXFM8,USD,,1373.52,,,,,,
10/14/2024,,Reservation,HMHX9AHEPJ,10/10/2024,10/13/2024,11/08/2024,26,Guest 200,Stunning 1BR in amazing Sto Dgo,,,USD,1373.52,,42.48,,30.00,1416.00,0.00,2024
10/11/2024,10/11/2024,Payout,,,,,,,,Transfer to PayPal: n••••o‌@gmail‌․‌com (USD),6XLQU3AE9RJJE,USD,,463.66,,,,,,
10/11/2024,,Reservation,HMC83W94CD,09/12/2024,10/10/2024,10/14/2024,4,Guest 201,Beautiful Heart of the City | 1BR Apt.,,,USD,318.16,,9.84,,35.00,328.00,0.00,2024
10/11/2024,,Reservation,HM84S2WNBW,10/10/2024,10/10/2024,10/12/2024,2,Guest 202,Stunning 1BR in amazing Sto Dgo,,,USD,145.50,,4.50,,30.00,150.00,0.00,2024
10/09/2024,10/09/2024,Payout,,,,,,,,Transfer to PayPal: n••••o‌@gmail‌․‌com (USD),ZXMUJ59SC9SXY,USD,,204.24,,,,,,
10/09/2024,,Reservation,HMDYRDPWW4,10/04/2024,10/07/2024,10/14/2024,7,Guest 203,12th Floor Beautiful 2 Bedroom Apt,,,USD,204.24,,6.32,,0.00,210.56,0.00,2024
10/08/2024,10/08/2024,Payout,,,,,,,,Transfer to PayPal: n••••o‌@gmail‌․‌com (USD),URTLES8DGEVC6,USD,,317.19,,,,,,
10/08/2024,,Reservation,HMDYRDPWW4,10/04/2024,10/07/2024,10/14/2024,7,Guest 203,12th Floor Beautiful 2 Bedroom Apt,,,USD,317.19,,9.81,,45.00,327.00,0.00,2024
10/06/2024,10/06/2024,Payout,,,,,,,,Transfer to PayPal: n••••o‌@gmail‌․‌com (USD),2D8TGGBKK9PNG,USD,,166.84,,,,,,
10/06/2024,,Reservation,HMR8MHT9BT,10/05/2024,10/05/2024,10/07/2024,2,Guest 204,12th Floor Beautiful 2 Bedroom Apt,,,USD,166.84,,5.16,,40.00,172.00,0.00,2024
10/05/2024,10/05/2024,Payout,,,,,,,,Transfer to PayPal: n••••o‌@gmail‌․‌com (USD),ZLWZUPSQT2S2W,USD,,368.60,,,,,,
10/05/2024,,Reservation,HM2RY3ESC3,07/15/2024,10/04/2024,10/10/2024,6,Guest 001,Stunning 1BR in amazing Sto Dgo,,,USD,368.60,,11.40,,30.00,380.00,0.00,2024
10/04/2024,10/04/2024,Payout,,,,,,,,Transfer to PayPal: n••••o‌@gmail‌․‌com (USD),XRME6AU425CBJ,USD,,201.76,,,,,,
10/04/2024,,Reservation,HMAYRW5FAJ,09/29/2024,10/03/2024,10/05/2024,2,Guest 205,12th Floor Beautiful 2 Bedroom Apt,,,USD,201.76,,6.24,,40.00,208.00,0.00,2024
10/02/2024,10/02/2024,Payout,,,,,,,,Transfer to PayPal: n••••o‌@gmail‌․‌com (USD),M3WFYSYH9765Q,USD,,474.82,,,,,,
10/02/2024,,Reservation,HMDHYBM3JC,09/29/2024,10/01/2024,10/08/2024,7,Guest 206,Beautiful Heart of the City | 1BR Apt.,,,USD,474.82,,14.68,,35.00,489.50,0.00,2024
10/01/2024,10/01/2024,Payout,,,,,,,,Transfer to PayPal: n••••o‌@gmail‌․‌com (USD),M223C97PV4CCN,USD,,242.50,,,,,,
10/01/2024,,Reservation,HMFNSR342D,09/27/2024,09/30/2024,10/04/2024,4,Guest 207,Stunning 1BR in amazing Sto Dgo,,,USD,242.50,,7.50,,30.00,250.00,0.00,2024
09/30/2024,09/30/2024,Payout,,,,,,,,Transfer to PayPal: n••••o‌@gmail‌․‌com (USD),E3YADJ9XURZLQ,USD,,369.57,,,,,,
09/30/2024,,Reservation,HM4MCSMF8J,09/23/2024,09/29/2024,10/03/2024,4,Guest 208,12th Floor Beautiful 2 Bedroom Apt,,,USD,369.57,,11.43,,45.00,381.00,0.00,2024
09/28/2024,09/28/2024,Payout,,,,,,,,Transfer to PayPal: n••••o‌@gmail‌․‌com (USD),THHSKBT3UTSUA,USD,,173.63,,,,,,
09/28/2024,,Reservation,HMZTZAA5HY,09/23/2024,09/27/2024,09/29/2024,2,Guest 209,Beautiful Heart of the City | 1BR Apt.,,,USD,173.63,,5.37,,35.00,179.00,0.00,2024
09/22/2024,09/22/2024,Payout,,,,,,,,Transfer to PayPal: n••••o‌@gmail‌․‌com (USD),3MJRAXKZY6634,USD,,290.03,,,,,,
09/22/2024,,Reservation,HMB2X5XJBK,09/21/2024,09/21/2024,09/26/2024,5,Guest 210,Stunning 1BR in amazing Sto Dgo,,,USD,290.03,,8.97,,30.00,299.00,0.00,2024
09/21/2024,09/21/2024,Payout,,,,,,,,Transfer to PayPal: n••••o‌@gmail‌․‌com (USD),J55TBWHZAARTW,USD,,369.57,,,,,,
09/21/2024,,Reservation,HMP5WWBHA3,08/28/2024,09/20/2024,09/25/2024,5,Guest 211,Beautiful Heart of the City | 1BR Apt.,,,USD,369.57,,11.43,,35.00,381.00,0.00,2024
09/19/2024,09/19/2024,Payout,,,,,,,,Transfer to PayPal: n••••o‌@gmail‌․‌com (USD),9U6RA5YGP8C9U,USD,,198.85,,,,,,
09/19/2024,,Reservation,HMASEACSY9,09/06/2024,09/18/2024,09/21/2024,3,Guest 019,Stunning 1BR in amazing Sto Dgo,,,USD,198.85,,6.15,,30.00,205.00,0.00,2024
09/16/2024,09/16/2024,Payout,,,,,,,,Transfer to PayPal: n••••o‌@gmail‌․‌com (USD),REPSU7283ENTA,USD,,515.07,,,,,,
09/16/2024,,Reservation,HMWCMTR35R,09/15/2024,09/15/2024,09/21/2024,6,Guest 212,12th Floor Beautiful 2 Bedroom Apt,,,USD,515.07,,15.93,,45.00,531.00,0.00,2024
09/14/2024,09/14/2024,Payout,,,,,,,,Transfer to PayPal: n••••o‌@gmail‌․‌com (USD),SLWPE5QD8B3JL,USD,,198.85,,,,,,
09/14/2024,,Reservation,HMZZJXA4X4,09/13/2024,09/13/2024,09/15/2024,2,Guest 213,12th Floor Beautiful 2 Bedroom Apt,,,USD,198.85,,6.15,,45.00,205.00,0.00,2024
09/10/2024,09/10/2024,Payout,,,,,,,,Transfer to PayPal: n••••o‌@gmail‌․‌com (USD),YY8WFYQ9CFZMC,USD,,771.93,,,,,,
09/10/2024,,Reservation,HM2DJS3XWE,07/16/2024,09/09/2024,09/18/2024,9,Guest 095,Beautiful Heart of the City | 1BR Apt.,,,USD,568.23,,17.57,,35.00,585.80,0.00,2024
09/10/2024,,Reservation,HMZYBCFJX9,09/09/2024,09/09/2024,09/11/2024,2,Guest 214,12th Floor Beautiful 2 Bedroom Apt,,,USD,203.70,,6.30,,45.00,210.00,0.00,2024
09/07/2024,09/07/2024,Payout,,,,,,,,Transfer to PayPal: n••••o‌@gmail‌․‌com (USD),C9SUMNFP4UD92,USD,,167.81,,,,,,
09/07/2024,,Reservation,HMNTAZ9CXC,09/05/2024,09/06/2024,09/08/2024,2,Guest 215,Beautiful Heart of the City | 1BR Apt.,,,USD,167.81,,5.19,,35.00,173.00,0.00,2024
09/05/2024,09/05/2024,Payout,,,,,,,,Transfer to PayPal: n••••o‌@gmail‌․‌com (USD),7GSPQ87RGWLKA,USD,,759.80,,,,,,
09/05/2024,,Reservation,HMBJW2BMQA,08/24/2024,09/04/2024,09/18/2024,14,Guest 216,Stunning 1BR in amazing Sto Dgo,,,USD,759.80,,23.50,,30.00,783.30,0.00,2024
09/01/2024,09/01/2024,Payout,,,,,,,,Transfer to PayPal: n••••o‌@gmail‌․‌com (USD),UHVFMBQVAQ89C,USD,,286.81,,,,,,
09/01/2024,,Reservation,HM2SJATEME,08/23/2024,08/30/2024,09/07/2024,8,Guest 197,12th Floor Beautiful 2 Bedroom Apt,,,USD,286.81,,8.87,,0.00,295.68,0.00,2024
08/31/2024,08/31/2024,Payout,,,,,,,,Transfer to PayPal: n••••o‌@gmail‌․‌com (USD),DRWXWX2PEEW7C,USD,,369.57,,,,,,
08/31/2024,,Reservation,HM2SJATEME,08/23/2024,08/30/2024,09/07/2024,8,Guest 197,12th Floor Beautiful 2 Bedroom Apt,,,USD,369.57,,11.43,,45.00,381.00,0.00,2024
08/28/2024,08/28/2024,Payout,,,,,,,,Transfer to PayPal: n••••o‌@gmail‌․‌com (USD),BDP6PERSKEAQE,USD,,274.51,,,,,,
08/28/2024,,Reservation,HM4R9488SP,08/27/2024,08/27/2024,08/30/2024,3,Guest 217,12th Floor Beautiful 2 Bedroom Apt,,,USD,274.51,,8.49,,45.00,283.00,0.00,2024
08/20/2024,08/20/2024,Payout,,,,,,,,Transfer to PayPal: n••••o‌@gmail‌․‌com (USD),76BRPFGPQRJNJ,USD,,1108.61,,,,,,
08/20/2024,,Reservation,HMC2MFFMZS,08/07/2024,08/19/2024,09/06/2024,18,Guest 218,Beautiful Heart of the City | 1BR Apt.,,,USD,1108.61,,34.29,,35.00,1142.90,0.00,2024
08/17/2024,08/17/2024,Payout,,,,,,,,Transfer to PayPal: n••••o‌@gmail‌․‌com (USD),QQVZGPX8RGJJ2,USD,,506.34,,,,,,
08/17/2024,,Reservation,HMA8WJR2N4,07/24/2024,08/16/2024,08/19/2024,3,Guest 219,Beautiful Heart of the City | 1BR Apt.,,,USD,228.92,,7.08,,35.00,236.00,0.00,2024
08/17/2024,,Reservation,HMXN5N9DR2,08/05/2024,08/16/2024,08/18/2024,2,Guest 220,Be One w/ Nature in Monte Plata,,,USD,277.42,,8.58,,65.00,286.00,0.00,2024
08/13/2024,08/13/2024,Payout,,,,,,,,Transfer to PayPal: n••••o‌@gmail‌․‌com (USD),75VE8SKNYGC2G,USD,,1115.93,,,,,,
08/13/2024,,Reservation,HMNZYXDW2Q,06/04/2024,08/12/2024,08/26/2024,14,Guest 221,12th Floor Beautiful 2 Bedroom Apt,,,USD,1115.93,,34.51,,45.00,1150.44,0.00,2024
08/12/2024,08/12/2024,Payout,,,,,,,,Transfer to PayPal: n••••o‌@gmail‌․‌com (USD),9SNEYEA4MYUE6,USD,,349.20,,,,,,
08/12/2024,,Reservation,HM28SN3KHA,06/14/2024,08/11/2024,08/16/2024,5,Guest 222,Beautiful Heart of the City | 1BR Apt.,,,USD,349.20,,10.80,,35.00,360.00,0.00,2024
08/10/2024,08/10/2024,Payout,,,,,,,,Transfer to PayPal: n••••o‌@gmail‌․‌com (USD),7G8XZLSGA4ZGG,USD,,166.84,,,,,,
08/10/2024,,Reservation,HMRK39BRFM,08/07/2024,08/09/2024,08/11/2024,2,Guest 223,Beautiful Heart of the City | 1BR Apt.,,,USD,166.84,,5.16,,35.00,172.00,0.00,2024
08/08/2024,08/08/2024,Payout,,,,,,,,Transfer to PayPal: n••••o‌@gmail‌․‌com (USD),DU2FL6YUVWAN6,USD,,1283.02,,,,,,
08/08/2024,,Reservation,HMKS3CHMYY,07/05/2024,08/07/2024,08/31/2024,24,Guest 224,Stunning 1BR in amazing Sto Dgo,,,USD,1283.02,,39.68,,30.00,1322.70,0.00,2024
08/07/2024,08/07/2024,Payout,,,,,,,,Transfer to PayPal: n••••o‌@gmail‌․‌com (USD),3SD2TJ9D2UZTS,USD,,730.41,,,,,,
08/07/2024,,Reservation,HMA3W4895Q,07/25/2024,08/06/2024,08/08/2024,2,Guest 225,Be One w/ Nature in Monte Plata,,,USD,276.45,,8.55,,65.00,285.00,0.00,2024
08/07/2024,,Reservation,HMKCBBP9ZJ,08/06/2024,08/06/2024,08/11/2024,5,Guest 226,12th Floor Beautiful 2 Bedroom Apt,,,USD,453.96,,14.04,,45.00,468.00,0.00,2024
08/06/2024,08/06/2024,Payout,,,,,,,,Transfer to PayPal: n••••o‌@gmail‌․‌com (USD),KHLWJ957U8YJC,USD,,303.61,,,,,,
08/06/2024,,Reservation,HMY9TJSXHZ,08/02/2024,08/05/2024,08/09/2024,4,Guest 227,Beautiful Heart of the City | 1BR Apt.,,,USD,303.61,,9.39,,35.00,313.00,0.00,2024
08/03/2024,08/03/2024,Payout,,,,,,,,Transfer to PayPal: n••••o‌@gmail‌․‌com (USD),NAUF4XN5RFQNU,USD,,528.65,,,,,,
08/03/2024,,Reservation,HMH4P9SKDJ,07/11/2024,08/02/2024,08/04/2024,2,Guest 228,Be One w/ Nature in Monte Plata,,,USD,276.45,,8.55,,65.00,285.00,0.00,2024
08/03/2024,,Reservation,HMHWRD8E2S,07/29/2024,08/02/2024,08/05/2024,3,Guest 223,Beautiful Heart of the City | 1BR Apt.,,,USD,252.20,,7.80,,35.00,260.00,0.00,2024
08/02/2024,08/02/2024,Payout,,,,,,,,Transfer to PayPal: n••••o‌@gmail‌․‌com (USD),QBWGV2YCJGEZY,USD,,370.54,,,,,,
08/02/2024,,Reservation,HMQZTJWMMS,07/26/2024,08/01/2024,08/05/2024,4,Guest 229,12th Floor Beautiful 2 Bedroom Apt,,,USD,370.54,,11.46,,45.00,382.00,0.00,2024
08/01/2024,08/01/2024,Payout,,,,,,,,Transfer to PayPal: n••••o‌@gmail‌․‌com (USD),666R5A6BRKWEQ,USD,,165.87,,,,,,
08/01/2024,,Reservation,HMQD29BAB5,07/31/2024,07/31/2024,08/02/2024,2,Guest 230,Beautiful Heart of the City | 1BR Apt.,,,USD,165.87,,5.13,,35.00,171.00,0.00,2024
07/27/2024,07/27/2024,Payout,,,,,,,,Transfer to PayPal: n••••o‌@gmail‌․‌com (USD),YC4NDNXXH3DCY,USD,,538.35,,,,,,
07/27/2024,,Reservation,HMHWC9APY5,06/18/2024,07/26/2024,08/01/2024,6,Guest 231,12th Floor Beautiful 2 Bedroom Apt,,,USD,538.35,,16.65,,45.00,555.00,0.00,2024
07/25/2024,07/25/2024,Payout,,,,,,,,Transfer to PayPal: n••••o‌@gmail‌․‌com (USD),TRHYNCM93AGJ4,USD,,521.86,,,,,,
07/25/2024,,Reservation,HMB3EQZEA9,07/16/2024,07/24/2024,07/26/2024,2,Guest 232,12th Floor Beautiful 2 Bedroom Apt,,,USD,206.61,,6.39,,45.00,213.00,0.00,2024
07/25/2024,,Reservation,HM23C4YSAA,06/11/2024,07/24/2024,07/29/2024,5,Guest 066,Stunning 1BR in amazing Sto Dgo,,,USD,315.25,,9.75,,30.00,325.00,0.00,2024
07/24/2024,07/24/2024,Payout,,,,,,,,Transfer to PayPal: n••••o‌@gmail‌․‌com (USD),Q4GD9RSB8458W,USD,,743.02,,,,,,
07/24/2024,,Reservation,HMFN2XZQ2W,07/12/2024,07/23/2024,07/25/2024,2,Guest 233,Be One w/ Nature in Monte Plata,,,USD,276.45,,8.55,,65.00,285.00,0.00,2024
07/24/2024,,Reservation,HMJJ8YCA8W,07/21/2024,07/23/2024,07/30/2024,7,Guest 234,Beautiful Heart of the City | 1BR Apt.,,,USD,466.57,,14.43,,35.00,481.00,0.00,2024
07/22/2024,07/22/2024,Payout,,,,,,,,Transfer to PayPal: n••••o‌@gmail‌․‌com (USD),TVUCQYVBTWKKN,USD,,159.08,,,,,,
07/22/2024,,Reservation,HMKEJAAFTB,07/21/2024,07/21/2024,07/23/2024,2,Guest 235,Beautiful Heart of the City | 1BR Apt.,,,USD,159.08,,4.92,,35.00,164.00,0.00,2024
07/20/2024,07/20/2024,Payout,,,,,,,,Transfer to PayPal: n••••o‌@gmail‌․‌com (USD),NSNMTD5PW39A8,USD,,288.09,,,,,,
07/20/2024,,Reservation,HMM5ZMMDMB,07/10/2024,07/19/2024,07/22/2024,3,Guest 236,12th Floor Beautiful 2 Bedroom Apt,,,USD,288.09,,8.91,,45.00,297.00,0.00,2024
07/19/2024,07/19/2024,Payout,,,,,,,,Transfer to PayPal: n••••o‌@gmail‌․‌com (USD),BD6TPDVB79KFC,USD,,376.36,,,,,,
07/19/2024,,Reservation,HMTEHMBMBW,07/17/2024,07/18/2024,07/21/2024,3,Guest 237,Beautiful Heart of the City | 1BR Apt.,,,USD,235.71,,7.29,,35.00,243.00,0.00,2024
07/19/2024,,Reservation,HMM4D83HMC,07/18/2024,07/18/2024,07/20/2024,2,Guest 238,Stunning 1BR in amazing Sto Dgo,,,USD,140.65,,4.35,,30.00,145.00,0.00,2024
07/17/2024,07/17/2024,Payout,,,,,,,,Transfer to PayPal: n••••o‌@gmail‌․‌com (USD),4CMXZKDCGWQYE,USD,,165.87,,,,,,
07/17/2024,,Reservation,HMT8ZQD4KP,06/17/2024,07/16/2024,07/18/2024,2,Guest 239,Beautiful Heart of the City | 1BR Apt.,,,USD,165.87,,5.13,,35.00,171.00,0.00,2024
07/13/2024,07/15/2024,Payout,,,,,,,,"Transfer to Western Union, Eugenia Rodriguez, DO (USD)",MTCN: 4750742382,USD,,591.70,,,,,,
07/13/2024,,Reservation,HMKHRQRXZZ,07/03/2024,07/12/2024,07/14/2024,2,Guest 240,Be One w/ Nature in Monte Plata,,,USD,276.45,,8.55,,65.00,285.00,0.00,2024
07/13/2024,,Reservation,HMMTTKNEEW,06/11/2024,07/12/2024,07/17/2024,5,Guest 241,Stunning 1BR in amazing Sto Dgo,,,USD,315.25,,9.75,,30.00,325.00,0.00,2024
07/12/2024,07/15/2024,Payout,,,,,,,,"Transfer to Western Union, Eugenia Rodriguez, DO (USD)",MTCN: 8956277335,USD,,657.66,,,,,,
07/12/2024,,Reservation,HMWX5CSAMT,06/24/2024,07/11/2024,07/14/2024,3,Guest 242,12th Floor Beautiful 2 Bedroom Apt,,,USD,288.09,,8.91,,45.00,297.00,0.00,2024
07/12/2024,,Reservation,HM8NF83SWT,04/11/2024,07/11/2024,07/16/2024,5,Guest 147,Beautiful Heart of the City | 1BR Apt.,,,USD,369.57,,11.43,,35.00,381.00,0.00,2024
07/05/2024,07/08/2024,Payout,,,,,,,,"Transfer to Western Union, Eugenia Rodriguez, DO (USD)",MTCN: 3592045727,USD,,819.84,,,,,,
07/05/2024,,Reservation,HMCAYADHCA,06/24/2024,07/04/2024,07/11/2024,7,Guest 243,Beautiful Heart of the City | 1BR Apt.,,,USD,451.24,,13.96,,35.00,465.20,0.00,2024
07/05/2024,,Reservation,HMYXYDBCJQ,06/30/2024,07/04/2024,07/10/2024,6,Guest 001,Stunning 1BR in amazing Sto Dgo,,,USD,368.60,,11.40,,30.00,380.00,0.00,2024
07/02/2024,07/03/2024,Payout,,,,,,,,"Transfer to Western Union, Eugenia Rodriguez, DO (USD)",MTCN: 2290312521,USD,,655.39,,,,,,
07/02/2024,,Reservation,HMZFQQFHRT,05/25/2024,06/01/2024,07/10/2024,39,Guest 244,12th Floor Beautiful 2 Bedroom Apt,,,USD,655.39,,20.27,,10.38,675.66,0.00,2024
06/30/2024,07/01/2024,Payout,,,,,,,,"Transfer to Western Union, Eugenia Rodriguez, DO (USD)",MTCN: 6369680818,USD,,677.06,,,,,,
06/30/2024,,Reservation,HMXR2CQYYH,05/31/2024,06/21/2024,06/23/2024,2,Guest 245,Be One w/ Nature in Monte Plata,,,USD,276.45,,8.55,,65.00,285.00,0.00,2024
06/30/2024,,Reservation,HMXWPJ4HPQ,06/25/2024,06/26/2024,06/28/2024,2,Guest 246,Beautiful Heart of the City | 1BR Apt.,,,USD,165.87,,5.13,,35.00,171.00,0.00,2024
06/30/2024,,Reservation,HMHY398232,06/18/2024,06/29/2024,07/02/2024,3,Guest 247,Beautiful Heart of the City | 1BR Apt.,,,USD,234.74,,7.26,,35.00,242.00,0.00,2024
06/21/2024,06/21/2024,Payout,,,,,,,,"Transfer to Western Union, Eugenia Rodriguez, DO (USD)",MTCN: 0397992253,USD,,771.83,,,,,,
06/21/2024,,Reservation,HMZFQQFHRT,05/25/2024,06/01/2024,07/10/2024,39,Guest 244,12th Floor Beautiful 2 Bedroom Apt,,,USD,61.64,,1.90,,-10.38,63.54,0.00,2024
06/21/2024,,Reservation,HMJH3PZ3ZK,04/25/2024,06/19/2024,07/02/2024,13,Guest 067,Stunning 1BR in amazing Sto Dgo,,,USD,710.19,,21.96,,30.00,732.15,0.00,2024
06/19/2024,06/19/2024,Payout,,,,,,,,"Transfer to Western Union, Eugenia Rodriguez, DO (USD)",MTCN: 2788656653,USD,,840.99,,,,,,
06/19/2024,,Reservation,HMZSAWP9D3,06/10/2024,06/10/2024,06/12/2024,2,Guest 248,Stunning 1BR in amazing Sto Dgo,,,USD,135.80,,4.20,,30.00,140.00,0.00,2024
06/19/2024,,Reservation,HMCW9FQ8P2,06/11/2024,06/15/2024,06/19/2024,4,Guest 249,Stunning 1BR in amazing Sto Dgo,,,USD,252.20,,7.80,,30.00,260.00,0.00,2024
06/19/2024,,Reservation,HMK5MXDYR3,06/04/2024,06/17/2024,06/24/2024,7,Guest 250,Beautiful Heart of the City | 1BR Apt.,,,USD,452.99,,14.01,,35.00,467.00,0.00,2024
06/11/2024,06/11/2024,Payout,,,,,,,,"Transfer to Western Union, Eugenia Rodriguez, DO (USD)",MTCN: 7267380002,USD,,887.16,,,,,,
06/11/2024,,Reservation,HM42FKXDSA,06/01/2024,06/01/2024,06/06/2024,5,Guest 251,Beautiful Heart of the City | 1BR Apt.,,,USD,64.99,,2.01,,0.00,67.00,0.00,2024
06/11/2024,,Reservation,HMZM3ZN4BP,05/26/2024,06/06/2024,06/08/2024,2,Guest 252,Beautiful Heart of the City | 1BR Apt.,,,USD,165.87,,5.13,,35.00,171.00,0.00,2024
06/11/2024,,Reservation,HM2YREQQQQ,06/05/2024,06/06/2024,06/08/2024,2,Guest 253,Stunning 1BR in amazing Sto Dgo,,,USD,129.98,,4.02,,30.00,134.00,0.00,2024
06/11/2024,,Reservation,HMD48XT58A,05/04/2024,06/09/2024,06/17/2024,8,Guest 254,Beautiful Heart of the City | 1BR Apt.,,,USD,526.32,,16.28,,35.00,542.60,0.00,2024
06/03/2024,06/03/2024,Payout,,,,,,,,"Transfer to Western Union, Eugenia Rodriguez, DO (USD)",MTCN: 2588677499,USD,,1293.65,,,,,,
06/03/2024,,Reservation,HMZFQQFHRT,05/25/2024,06/01/2024,07/10/2024,39,Guest 244,12th Floor Beautiful 2 Bedroom Apt,,,USD,1293.65,,40.01,,26.56,1333.66,0.00,2024
06/03/2024,06/03/2024,Payout,,,,,,,,"Transfer to Western Union, Eugenia Rodriguez, DO (USD)",MTCN: 3546540363,USD,,2000.00,,,,,,
06/03/2024,,Reservation,HMCXPQJHMW,03/10/2024,06/01/2024,06/08/2024,7,Guest 255,Be One w/ Nature in Monte Plata,,,USD,807.58,,24.98,,80.00,832.56,0.00,2024
06/03/2024,,Reservation,HM42FKXDSA,06/01/2024,06/01/2024,06/06/2024,5,Guest 251,Beautiful Heart of the City | 1BR Apt.,,,USD,293.91,,9.09,,35.00,303.00,0.00,2024
06/03/2024,,Reservation,HMZFQQFHRT,05/25/2024,06/01/2024,07/10/2024,39,Guest 244,12th Floor Beautiful 2 Bedroom Apt,,,USD,898.51,,27.79,,18.44,926.30,0.00,2024
06/01/2024,06/03/2024,Payout,,,,,,,,"Transfer to Western Union, Eugenia Rodriguez, DO (USD)",MTCN: 5141997675,USD,,675.12,,,,,,
06/01/2024,,Reservation,HMJ2RQDEXS,05/25/2024,05/25/2024,05/27/2024,2,Guest 256,Beautiful Heart of the City | 1BR Apt.,,,USD,164.90,,5.10,,35.00,170.00,0.00,2024
06/01/2024,,Reservation,HMCFRWMKSB,03/26/2024,05/27/2024,05/31/2024,4,Guest 257,Beautiful Heart of the City | 1BR Apt.,,,USD,303.61,,9.39,,35.00,313.00,0.00,2024
06/01/2024,,Reservation,HMJWMMNAZJ,05/28/2024,05/30/2024,06/01/2024,2,Guest 197,12th Floor Beautiful 2 Bedroom Apt,,,USD,206.61,,6.39,,45.00,213.00,0.00,2024
05/26/2024,05/27/2024,Payout,,,,,,,,"Transfer to Western Union, Eugenia Rodriguez, DO (USD)",MTCN: 8756011254,USD,,646.30,,,,,,
05/26/2024,,Reservation,HMXJQJWAPJ,05/12/2024,05/13/2024,05/22/2024,9,Guest 258,12th Floor Beautiful 2 Bedroom Apt,,,USD,187.71,,5.81,,0.00,193.52,0.00,2024
05/26/2024,,Reservation,HMXJQJWAPJ,05/12/2024,05/13/2024,05/22/2024,9,Guest 258,12th Floor Beautiful 2 Bedroom Apt,,,USD,69.61,,2.15,,0.00,71.76,0.00,2024
05/26/2024,,Reservation,HM4QATCMRC,05/17/2024,05/17/2024,05/19/2024,2,Guest 259,Beautiful Heart of the City | 1BR Apt.,,,USD,165.87,,5.13,,35.00,171.00,0.00,2024
05/26/2024,,Reservation,HMHAZYDJ3K,05/16/2024,05/19/2024,05/22/2024,3,Guest 260,Beautiful Heart of the City | 1BR Apt.,,,USD,231.83,,7.17,,35.00,239.00,0.00,2024
05/26/2024,,Resolution Adjustment,HMHAZYDJ3K,,05/19/2024,05/22/2024,3,Guest 260,Beautiful Heart of the City | 1BR Apt.,Resolution adjustment for resolution 32539110,,USD,-160.00,,,,,-160.00,,2024
05/26/2024,,Resolution Adjustment,HMA9JMZAEC,,05/14/2024,06/07/2024,24,Guest 261,Stunning 1BR in amazing Sto Dgo,Resolution adjustment for resolution 32546135,,USD,-1015.92,,,,,-1015.92,,2024
05/26/2024,,Reservation,HMRXTMPYNS,05/19/2024,05/22/2024,06/05/2024,14,Guest 262,Stunning 1BR in amazing Sto Dgo,,,USD,759.80,,23.50,,30.00,783.30,0.00,2024
05/26/2024,,Reservation,HMN82ZNHYP,05/24/2024,05/24/2024,05/29/2024,5,Guest 263,12th Floor Beautiful 2 Bedroom Apt,,,USD,407.40,,12.60,,45.00,420.00,0.00,2024
05/16/2024,05/17/2024,Payout,,,,,,,,"Transfer to Western Union, Eugenia Rodriguez, DO (USD)",MTCN: 6455591568,USD,,1274.00,,,,,,
05/16/2024,,Reservation,HMA9JMZAEC,05/05/2024,05/14/2024,06/07/2024,24,Guest 261,Stunning 1BR in amazing Sto Dgo,,,USD,1274.00,,39.40,,30.00,1313.40,0.00,2024
05/15/2024,05/16/2024,Payout,,,,,,,,"Transfer to Western Union, Eugenia Rodriguez, DO (USD)",MTCN: 3135128302,USD,,742.05,,,,,,
05/15/2024,,Reservation,HMHTYQS93Z,04/25/2024,05/13/2024,05/17/2024,4,Guest 064,Beautiful Heart of the City | 1BR Apt.,,,USD,300.70,,9.30,,35.00,310.00,0.00,2024
05/15/2024,,Reservation,HMXJQJWAPJ,05/12/2024,05/13/2024,05/22/2024,9,Guest 258,12th Floor Beautiful 2 Bedroom Apt,,,USD,441.35,,13.65,,45.00,455.00,0.00,2024
05/10/2024,05/13/2024,Payout,,,,,,,,"Transfer to Western Union, Eugenia Rodriguez, DO (USD)",MTCN: 9890594762,USD,,597.52,,,,,,
05/10/2024,,Reservation,HMKS8FKQAN,04/05/2024,05/09/2024,05/12/2024,3,Guest 264,12th Floor Beautiful 2 Bedroom Apt,,,USD,282.27,,8.73,,45.00,291.00,0.00,2024
05/10/2024,,Reservation,HMXPBSPFSF,04/23/2024,05/09/2024,05/14/2024,5,Guest 036,Stunning 1BR in amazing Sto Dgo,,,USD,315.25,,9.75,,30.00,325.00,0.00,2024
05/08/2024,05/08/2024,Payout,,,,,,,,"Transfer to Western Union, Eugenia Rodriguez, DO (USD)",MTCN: 6638292452,USD,,653.97,,,,,,
05/08/2024,,Reservation,HMDCRBS4HQ,04/28/2024,05/05/2024,05/12/2024,7,Guest 265,Beautiful Heart of the City | 1BR Apt.,,,USD,451.24,,13.96,,35.00,465.20,0.00,2024
05/08/2024,,Reservation,HMWY2TACCY,05/05/2024,05/06/2024,05/08/2024,2,Guest 266,12th Floor Beautiful 2 Bedroom Apt,,,USD,202.73,,6.27,,45.00,209.00,0.00,2024
05/02/2024,05/02/2024,Payout,,,,,,,,"Transfer to Western Union, Eugenia Rodriguez, DO (USD)",MTCN: 1416926005,USD,,874.94,,,,,,
05/02/2024,,Reservation,HMEYHTHD5P,04/15/2024,04/29/2024,05/05/2024,6,Guest 267,Beautiful Heart of the City | 1BR Apt.,,,USD,437.47,,13.53,,35.00,451.00,0.00,2024
05/02/2024,,Reservation,HMDFM4BS5N,04/30/2024,04/30/2024,05/05/2024,5,Guest 266,12th Floor Beautiful 2 Bedroom Apt,,,USD,437.47,,13.53,,45.00,451.00,0.00,2024
04/28/2024,04/29/2024,Payout,,,,,,,,"Transfer to Western Union, Eugenia Rodriguez, DO (USD)",MTCN: 4186053934,USD,,1131.62,,,,,,
04/28/2024,,Reservation,HMCZT8MJED,04/16/2024,04/26/2024,04/28/2024,2,Guest 268,Be One w/ Nature in Monte Plata,,,USD,287.12,,8.88,,65.00,296.00,0.00,2024
04/28/2024,,Reservation,HM4SBA3KKD,04/21/2024,04/26/2024,05/07/2024,11,Guest 269,Stunning 1BR in amazing Sto Dgo,,,USD,601.03,,18.59,,30.00,619.62,0.00,2024
04/28/2024,,Reservation,HM9QHCKK8H,04/25/2024,04/26/2024,04/29/2024,3,Guest 270,Beautiful Heart of the City | 1BR Apt.,,,USD,243.47,,7.53,,35.00,251.00,0.00,2024
04/26/2024,04/29/2024,Payout,,,,,,,,"Transfer to Western Union, Eugenia Rodriguez, DO (USD)",MTCN: 6598063900,USD,,649.90,,,,,,
04/26/2024,,Reservation,HMMABESBE5,04/17/2024,04/23/2024,04/26/2024,3,Guest 271,Stunning 1BR in amazing Sto Dgo,,,USD,186.24,,5.76,,30.00,192.00,0.00,2024
04/26/2024,,Reservation,HMQHMCY2DS,04/23/2024,04/24/2024,04/26/2024,2,Guest 272,Beautiful Heart of the City | 1BR Apt.,,,USD,165.87,,5.13,,35.00,171.00,0.00,2024
04/26/2024,,Reservation,HM9ES2AQSK,04/24/2024,04/25/2024,04/28/2024,3,Guest 197,12th Floor Beautiful 2 Bedroom Apt,,,USD,297.79,,9.21,,45.00,307.00,0.00,2024
04/21/2024,04/22/2024,Payout,,,,,,,,"Transfer to Western Union, Eugenia Rodriguez, DO (USD)",MTCN: 0763267331,USD,,683.85,,,,,,
04/21/2024,,Reservation,HMBWTS3DNQ,04/14/2024,04/18/2024,04/20/2024,2,Guest 273,Beautiful Heart of the City | 1BR Apt.,,,USD,165.87,,5.13,,35.00,171.00,0.00,2024
04/21/2024,,Reservation,HMJJ5HA5Y8,04/17/2024,04/19/2024,04/21/2024,2,Guest 274,12th Floor Beautiful 2 Bedroom Apt,,,USD,193.03,,5.97,,45.00,199.00,0.00,2024
04/21/2024,,Reservation,HMMFB8WHNK,03/06/2024,04/20/2024,04/24/2024,4,Guest 275,Beautiful Heart of the City | 1BR Apt.,,,USD,324.95,,10.05,,35.00,335.00,0.00,2024
04/15/2024,04/16/2024,Payout,,,,,,,,"Transfer to Western Union, Eugenia Rodriguez, DO (USD)",MTCN: 8449871154,USD,,582.97,,,,,,
04/15/2024,,Reservation,HMX54ZASF9,03/22/2024,04/14/2024,04/19/2024,5,Guest 208,12th Floor Beautiful 2 Bedroom Apt,,,USD,412.25,,12.75,,45.00,425.00,0.00,2024
04/15/2024,,Reservation,HMHXC35PSS,04/14/2024,04/14/2024,04/16/2024,2,Guest 276,Beautiful Heart of the City | 1BR Apt.,,,USD,170.72,,5.28,,35.00,176.00,0.00,2024
04/15/2024,04/15/2024,Payout,,,,,,,,"Transfer to Western Union, Eugenia Rodriguez, DO (USD)",MTCN: 2880810555,USD,,678.27,,,,,,
04/15/2024,,Reservation,HM2D3FXMHH,03/27/2024,04/12/2024,04/14/2024,2,Guest 277,Beautiful Heart of the City | 1BR Apt.,,,USD,175.57,,5.43,,35.00,181.00,0.00,2024
04/15/2024,,Reservation,HMMBMNEY8E,04/05/2024,04/13/2024,04/22/2024,9,Guest 278,Stunning 1BR in amazing Sto Dgo,,,USD,502.70,,15.55,,30.00,518.25,0.00,2024
04/07/2024,04/08/2024,Payout,,,,,,,,"Transfer to Western Union, Eugenia Rodriguez, DO (USD)",MTCN: 5609338983,USD,,833.23,,,,,,
04/07/2024,,Resolution Adjustment,HMYNPSS3W4,,03/30/2024,04/01/2024,2,Guest 279,12th Floor Beautiful 2 Bedroom Apt,Resolution adjustment for resolution 32071143,,USD,-218.25,,,,,-218.25,,2024
04/07/2024,,Reservation,HM3R3N48FN,03/16/2024,04/01/2024,04/03/2024,2,Guest 280,Beautiful Heart of the City | 1BR Apt.,,,USD,179.45,,5.55,,35.00,185.00,0.00,2024
04/07/2024,,Reservation,HMEXZ52824,03/24/2024,04/03/2024,04/05/2024,2,Guest 270,Beautiful Heart of the City | 1BR Apt.,,,USD,171.69,,5.31,,35.00,177.00,0.00,2024
04/07/2024,,Reservation,HM2XXPQZ4B,04/04/2024,04/05/2024,04/10/2024,5,Guest 281,Stunning 1BR in amazing Sto Dgo,,,USD,315.25,,9.75,,30.00,325.00,0.00,2024
04/07/2024,,Reservation,HM4FTB4NFC,03/26/2024,04/06/2024,04/08/2024,2,Guest 282,Be One w/ Nature in Monte Plata,,,USD,212.43,,6.57,,65.00,219.00,0.00,2024
04/07/2024,,Reservation,HMEYBEZNJW,03/29/2024,04/06/2024,04/08/2024,2,Guest 098,Beautiful Heart of the City | 1BR Apt.,,,USD,172.66,,5.34,,35.00,178.00,0.00,2024
04/01/2024,04/01/2024,Payout,,,,,,,,"Transfer to Western Union, Eugenia Rodriguez, DO (USD)",MTCN: 7120709566,USD,,741.08,,,,,,
04/01/2024,,Reservation,HMSJKQWQSS,03/25/2024,03/30/2024,04/05/2024,6,Guest 281,Stunning 1BR in amazing Sto Dgo,,,USD,358.90,,11.10,,30.00,370.00,0.00,2024
04/01/2024,,Reservation,HMYNPSS3W4,03/30/2024,03/30/2024,04/01/2024,2,Guest 279,12th Floor Beautiful 2 Bedroom Apt,,,USD,218.25,,6.75,,45.00,225.00,0.00,2024
04/01/2024,,Reservation,HMXW8FPZCT,03/30/2024,03/30/2024,04/01/2024,2,Guest 140,Beautiful Heart of the City | 1BR Apt.,,,USD,163.93,,5.07,,35.00,169.00,0.00,2024
03/30/2024,04/01/2024,Payout,,,,,,,,"Transfer to Western Union, Eugenia Rodriguez, DO (USD)",MTCN: 6369523490,USD,,881.73,,,,,,
03/30/2024,,Reservation,HMNB4PN5AR,03/06/2024,03/26/2024,03/30/2024,4,Guest 283,Beautiful Heart of the City | 1BR Apt.,,,USD,324.95,,10.05,,35.00,335.00,0.00,2024
03/30/2024,,Reservation,HMS5PXN98Q,02/28/2024,03/28/2024,03/31/2024,3,Guest 284,Be One w/ Nature in Monte Plata,,,USD,556.78,,17.22,,80.00,574.00,0.00,2024
03/27/2024,03/27/2024,Payout,,,,,,,,"Transfer to Western Union, Eugenia Rodriguez, DO (USD)",MTCN: 0929295919,USD,,582.00,,,,,,
03/27/2024,,Reservation,HM8DSZHRH8,03/20/2024,03/24/2024,03/29/2024,5,Guest 285,12th Floor Beautiful 2 Bedroom Apt,,,USD,392.85,,12.15,,45.00,405.00,0.00,2024
03/27/2024,,Reservation,HMDQ3ES3JY,03/21/2024,03/25/2024,03/28/2024,3,Guest 286,Stunning 1BR in amazing Sto Dgo,,,USD,189.15,,5.85,,30.00,195.00,0.00,2024
03/25/2024,03/26/2024,Payout,,,,,,,,"Transfer to Western Union, Eugenia Rodriguez, DO (USD)",MTCN: 4989106040,USD,,519.92,,,,,,
03/25/2024,,Reservation,HMRKFHBWSK,03/20/2024,03/20/2024,03/23/2024,3,Guest 287,12th Floor Beautiful 2 Bedroom Apt,,,USD,240.56,,7.44,,45.00,248.00,0.00,2024
03/25/2024,,Reservation,HM9S9RQ88P,03/22/2024,03/23/2024,03/25/2024,2,Guest 288,Be One w/ Nature in Monte Plata,,,USD,279.36,,8.64,,65.00,288.00,0.00,2024
03/24/2024,03/22/2024,Payout,,,,,,,,"Transfer to Western Union, Eugenia Rodriguez, DO (USD)",MTCN: 4739291821,USD,,729.44,,,,,,
03/24/2024,,Reservation,HMAW5XTQD8,03/13/2024,03/14/2024,03/16/2024,2,Guest 289,Beautiful Heart of the City | 1BR Apt.,,,USD,165.87,,5.13,,35.00,171.00,0.00,2024
03/24/2024,,Reservation,HMR8N8BBKN,02/17/2024,03/16/2024,03/19/2024,3,Guest 290,Beautiful Heart of the City | 1BR Apt.,,,USD,238.62,,7.38,,35.00,246.00,0.00,2024
03/24/2024,,Reservation,HMRE4BHYDP,01/27/2024,03/19/2024,03/23/2024,4,Guest 291,Beautiful Heart of the City | 1BR Apt.,,,USD,324.95,,10.05,,35.00,335.00,0.00,2024
03/15/2024,03/18/2024,Payout,,,,,,,,"Transfer to Western Union, Eugenia Rodriguez, DO (USD)",MTCN: 4185220116,USD,,1722.72,,,,,,
03/15/2024,,Reservation,HMP5NK5PPE,12/31/2023,01/01/2024,01/03/2024,2,Guest 292,12th Floor Beautiful 2 Bedroom Apt,,,USD,257.05,,7.95,,45.00,265.00,0.00,2024
03/15/2024,,Reservation,HMZTBNBZBW,11/23/2023,01/05/2024,01/07/2024,2,Guest 245,Be One w/ Nature in Monte Plata,,,USD,291.00,,9.00,,0.00,300.00,0.00,2024
03/15/2024,,Reservation,HM458SAADX,01/15/2024,01/16/2024,01/19/2024,3,Guest 293,Beautiful Heart of the City | 1BR Apt.,,,USD,243.47,,7.53,,35.00,251.00,0.00,2024
03/15/2024,,Reservation,HMYPTR4KPA,12/21/2023,02/01/2024,02/05/2024,4,Guest 294,Beautiful Heart of the City | 1BR Apt.,,,USD,301.67,,9.33,,35.00,311.00,0.00,2024
03/15/2024,,Reservation,HME4ASQMYN,01/28/2024,02/06/2024,02/11/2024,5,Guest 295,Stunning 1BR in amazing Sto Dgo,,,USD,315.25,,9.75,,30.00,325.00,0.00,2024
03/15/2024,,Reservation,HMWFHY4A3S,01/19/2024,02/10/2024,02/14/2024,4,Guest 296,Beautiful Heart of the City | 1BR Apt.,,,USD,314.28,,9.72,,35.00,324.00,0.00,2024
03/15/2024,03/18/2024,Payout,,,,,,,,"Transfer to Western Union, Eugenia Rodriguez, DO (USD)",MTCN: 3128270590,USD,,1866.40,,,,,,
03/15/2024,,Reservation,HMA25J4Q4J,12/16/2023,12/31/2023,01/01/2024,1,Guest 297,12th Floor Beautiful 2 Bedroom Apt,,,USD,126.10,,3.90,,0.00,130.00,0.00,2024
03/15/2024,,Resolution Adjustment,HMYFRCHTT9,,01/11/2024,01/17/2024,6,Guest 298,12th Floor Beautiful 2 Bedroom Apt,Resolution adjustment for resolution 31543895,,USD,-156.66,,,,,-156.66,,2024
03/15/2024,,Reservation,HMC9WHJBPM,01/13/2024,01/13/2024,01/16/2024,3,Guest 299,Stunning 1BR in amazing Sto Dgo,,,USD,194.97,,6.03,,30.00,201.00,0.00,2024
03/15/2024,,Reservation,HM3AQZT5F4,01/14/2024,01/14/2024,01/16/2024,2,Guest 300,Beautiful Heart of the City | 1BR Apt.,,,USD,173.63,,5.37,,35.00,179.00,0.00,2024
03/15/2024,,Reservation,HM39EMCAXE,01/16/2024,01/16/2024,01/18/2024,2,Guest 301,Stunning 1BR in amazing Sto Dgo,,,USD,126.10,,3.90,,30.00,130.00,0.00,2024
03/15/2024,,Reservation,HMWWTFQET5,01/18/2024,01/18/2024,01/20/2024,2,Guest 302,Stunning 1BR in amazing Sto Dgo,,,USD,126.10,,3.90,,30.00,130.00,0.00,2024
03/15/2024,,Reservation,HMBS5MWTHR,01/26/2024,02/02/2024,02/05/2024,3,Guest 303,Stunning 1BR in amazing Sto Dgo,,,USD,208.55,,6.45,,30.00,215.00,0.00,2024
03/15/2024,,Reservation,HMS88Z5SEQ,02/07/2024,02/07/2024,02/09/2024,2,Guest 304,12th Floor Beautiful 2 Bedroom Apt,,,USD,189.15,,5.85,,45.00,195.00,0.00,2024
03/15/2024,,Reservation,HMY42ADH5S,02/08/2024,02/08/2024,02/10/2024,2,Guest 305,Beautiful Heart of the City | 1BR Apt.,,,USD,165.87,,5.13,,35.00,171.00,0.00,2024
03/15/2024,,Reservation,HMF82FHKSS,02/15/2024,02/15/2024,02/17/2024,2,Guest 306,12th Floor Beautiful 2 Bedroom Apt,,,USD,179.45,,5.55,,45.00,185.00,0.00,2024
03/15/2024,,Reservation,HMH8PDRKQM,02/17/2024,02/21/2024,02/23/2024,2,Guest 307,Beautiful Heart of the City | 1BR Apt.,,,USD,165.87,,5.13,,35.00,171.00,0.00,2024
03/15/2024,,Reservation,HMR4JRNB8N,02/12/2024,02/24/2024,02/26/2024,2,Guest 266,Beautiful Heart of the City | 1BR Apt.,,,USD,165.87,,5.13,,35.00,171.00,0.00,2024
03/15/2024,,Reservation,HMZNKWFHP8,03/02/2024,03/02/2024,03/04/2024,2,Guest 308,Stunning 1BR in amazing Sto Dgo,,,USD,126.10,,3.90,,30.00,130.00,0.00,2024
03/15/2024,,Reservation,HMXNWKJFB2,02/08/2024,03/05/2024,03/07/2024,2,Guest 309,Stunning 1BR in amazing Sto Dgo,,,USD,135.80,,4.20,,30.00,140.00,0.00,2024
03/15/2024,,Cancellation Fee,HMK94N8MQS,02/22/2024,02/22/2024,02/24/2024,2,Guest 310,12th Floor Beautiful 2 Bedroom Apt,,,USD,-60.50,,0.00,,0.00,,0.00,2024
03/15/2024,03/18/2024,Payout,,,,,,,,"Transfer to Western Union, Eugenia Rodriguez, DO (USD)",MTCN: 1595722688,USD,,1533.57,,,,,,
03/15/2024,,Reservation,HMKD4QMNN3,12/27/2023,01/03/2024,01/07/2024,4,Guest 223,Beautiful Heart of the City | 1BR Apt.,,,USD,358.90,,11.10,,35.00,370.00,0.00,2024
03/15/2024,,Reservation,HMYFRCHTT9,12/16/2023,01/11/2024,01/17/2024,6,Guest 298,12th Floor Beautiful 2 Bedroom Apt,,,USD,455.90,,14.10,,0.00,470.00,0.00,2024
03/15/2024,,Reservation,HMJXS98CZ5,01/20/2024,01/20/2024,01/22/2024,2,Guest 311,Be One w/ Nature in Monte Plata,,,USD,368.60,,11.40,,80.00,380.00,0.00,2024
03/15/2024,,Reservation,HMK5XK2PE9,02/24/2024,02/24/2024,02/28/2024,4,Guest 312,12th Floor Beautiful 2 Bedroom Apt,,,USD,350.17,,10.83,,45.00,361.00,0.00,2024
03/15/2024,03/18/2024,Payout,,,,,,,,"Transfer to Western Union, Eugenia Rodriguez, DO (USD)",MTCN: 0494903545,USD,,732.35,,,,,,
03/15/2024,,Reservation,HMEJTHJ9JN,01/19/2024,01/22/2024,02/01/2024,10,Guest 313,Beautiful Heart of the City | 1BR Apt.,,,USD,732.35,,22.65,,35.00,755.00,0.00,2024
03/15/2024,03/18/2024,Payout,,,,,,,,"Transfer to Western Union, Eugenia Rodriguez, DO (USD)",MTCN: 4842717396,USD,,1819.72,,,,,,
03/15/2024,,Reservation,HMJBAAQ2KE,12/27/2023,12/31/2023,01/02/2024,2,Guest 314,Beautiful Heart of the City | 1BR Apt.,,,USD,218.25,,6.75,,35.00,225.00,0.00,2024
03/15/2024,,Reservation,HM9HHHJAXD,12/15/2023,01/03/2024,01/06/2024,3,Guest 315,12th Floor Beautiful 2 Bedroom Apt,,,USD,209.52,,6.48,,0.00,216.00,0.00,2024
03/15/2024,,Reservation,HMJBFK3ZFE,01/16/2024,01/20/2024,01/23/2024,3,Guest 133,Stunning 1BR in amazing Sto Dgo,,,USD,209.52,,6.48,,30.00,216.00,0.00,2024
03/15/2024,,Reservation,HMC3E4SHEE,02/01/2024,02/01/2024,02/02/2024,1,Guest 168,Be One w/ Nature in Monte Plata,,,USD,237.65,,7.35,,0.00,245.00,0.00,2024
03/15/2024,,Reservation,HM88WZESSY,02/02/2024,02/02/2024,02/04/2024,2,Guest 316,12th Floor Beautiful 2 Bedroom Apt,,,USD,237.65,,7.35,,45.00,245.00,0.00,2024
03/15/2024,,Reservation,HMAZHHRR2H,01/26/2024,02/05/2024,02/08/2024,3,Guest 317,Beautiful Heart of the City | 1BR Apt.,,,USD,233.77,,7.23,,35.00,241.00,0.00,2024
03/15/2024,,Reservation,HMTXA2KYMY,03/04/2024,03/04/2024,03/07/2024,3,Guest 318,12th Floor Beautiful 2 Bedroom Apt,,,USD,230.86,,7.14,,45.00,238.00,0.00,2024
03/15/2024,,Reservation,HMFFRZRQ4P,03/08/2024,03/10/2024,03/13/2024,3,Guest 319,Beautiful Heart of the City | 1BR Apt.,,,USD,242.50,,7.50,,35.00,250.00,0.00,2024
03/15/2024,03/18/2024,Payout,,,,,,,,"Transfer to Western Union, Eugenia Rodriguez, DO (USD)",MTCN: 3860499181,USD,,1502.26,,,,,,
03/15/2024,,Reservation,HMEHEFRP8E,01/03/2024,01/04/2024,01/12/2024,8,Guest 320,Stunning 1BR in amazing Sto Dgo,,,USD,498.19,,15.41,,30.00,513.60,0.00,2024
03/15/2024,,Reservation,HM82DYPC89,01/12/2024,01/26/2024,01/29/2024,3,Guest 321,Be One w/ Nature in Monte Plata,,,USD,516.04,,15.96,,80.00,532.00,0.00,2024
03/15/2024,,Reservation,HM9Q82CZZ2,12/21/2023,02/14/2024,02/21/2024,7,Guest 322,Beautiful Heart of the City | 1BR Apt.,,,USD,488.03,,15.09,,35.00,503.12,0.00,2024
03/15/2024,03/18/2024,Payout,,,,,,,,"Transfer to Western Union, Eugenia Rodriguez, DO (USD)",MTCN: 9361928806,USD,,1387.34,,,,,,
03/15/2024,,Reservation,HMM4Q9N4NX,02/01/2024,02/17/2024,03/01/2024,13,Guest 323,Stunning 1BR in amazing Sto Dgo,,,USD,701.16,,21.69,,30.00,722.85,0.00,2024
03/15/2024,,Reservation,HMFXWFH5FT,03/02/2024,03/07/2024,03/16/2024,9,Guest 324,12th Floor Beautiful 2 Bedroom Apt,,,USD,686.18,,21.22,,45.00,707.40,0.00,2024
03/15/2024,03/18/2024,Payout,,,,,,,,"Transfer to Western Union, Eugenia Rodriguez, DO (USD)",MTCN: 5003445201,USD,,1677.13,,,,,,
03/15/2024,,Reservation,HM98N3ZN2S,11/17/2023,01/07/2024,01/14/2024,7,Guest 325,Beautiful Heart of the City | 1BR Apt.,,,USD,544.56,,16.84,,35.00,561.40,0.00,2024
03/15/2024,,Reservation,HMS4F8TR5E,11/28/2023,02/15/2024,02/18/2024,3,Guest 326,Be One w/ Nature in Monte Plata,,,USD,518.95,,16.05,,80.00,535.00,0.00,2024
03/15/2024,,Reservation,HMQMYKND2B,02/01/2024,02/28/2024,03/08/2024,9,Guest 327,Beautiful Heart of the City | 1BR Apt.,,,USD,613.62,,18.98,,35.00,632.60,0.00,2024
01/01/2024,01/01/2024,Payout,,,,,,,,"Transfer to Western Union, Eugenia Rodriguez, DO (USD)",MTCN: 6818986103,USD,,574.24,,,,,,
01/01/2024,,Reservation,HMJXNPZKB2,12/15/2023,12/28/2023,12/30/2023,2,Guest 328,12th Floor Beautiful 2 Bedroom Apt,,,USD,139.68,,4.32,,0.00,144.00,0.00,2024
01/01/2024,,Reservation,HMXFMWJTS8,10/29/2023,12/30/2023,01/01/2024,2,Guest 329,Be One w/ Nature in Monte Plata,,,USD,434.56,,13.44,,80.00,448.00,0.00,2024
12/27/2023,12/28/2023,Payout,,,,,,,,"Transfer to Western Union, Eugenia Rodriguez, DO (USD)",MTCN: 7352580281,USD,,542.23,,,,,,
12/27/2023,,Reservation,HMBJHMWHEB,12/16/2023,12/17/2023,12/25/2023,8,Guest 330,12th Floor Beautiful 2 Bedroom Apt,,,USD,162.96,,5.04,,0.00,168.00,0.00,2023
12/27/2023,,Reservation,HMZMMP5JN3,11/28/2023,12/26/2023,12/30/2023,4,Guest 331,Beautiful Heart of the City | 1BR Apt.,,,USD,379.27,,11.73,,35.00,391.00,0.00,2023
12/19/2023,12/19/2023,Payout,,,,,,,,"Transfer to Western Union, Eugenia Rodriguez, DO (USD)",MTCN: 6177284550,USD,,1592.45,,,,,,
12/19/2023,,Reservation,HM4YY5SZK9,12/08/2023,12/08/2023,12/11/2023,3,Guest 332,Stunning 1BR in amazing Sto Dgo,,,USD,188.18,,5.82,,30.00,194.00,0.00,2023
12/19/2023,,Reservation,HM8NAJ5WT8,12/16/2023,12/16/2023,12/18/2023,2,Guest 333,Stunning 1BR in amazing Sto Dgo,,,USD,122.22,,3.78,,30.00,126.00,0.00,2023
12/19/2023,,Reservation,HM45QBWXAP,12/15/2023,12/17/2023,12/26/2023,9,Guest 334,Beautiful Heart of the City | 1BR Apt.,,,USD,676.77,,20.93,,35.00,697.70,0.00,2023
12/19/2023,,Reservation,HMBJHMWHEB,12/16/2023,12/17/2023,12/25/2023,8,Guest 330,12th Floor Beautiful 2 Bedroom Apt,,,USD,605.28,,18.72,,0.00,624.00,0.00,2023
12/04/2023,12/05/2023,Payout,,,,,,,,"Transfer to Western Union, Eugenia Rodriguez, DO (USD)",MTCN: 4863345469,USD,,1014.13,,,,,,
12/04/2023,,Reservation,HMT4FCTWQ2,12/02/2023,12/03/2023,12/17/2023,14,Guest 334,Beautiful Heart of the City | 1BR Apt.,,,USD,1014.13,,31.37,,35.00,1045.50,0.00,2023
11/28/2023,11/28/2023,Payout,,,,,,,,"Transfer to Western Union, Eugenia Rodriguez, DO (USD)",MTCN: 3335639995,USD,,731.38,,,,,,
11/28/2023,,Reservation,HMC48RQTJ3,11/23/2023,11/24/2023,11/27/2023,3,Guest 335,Stunning 1BR in amazing Sto Dgo,,,USD,180.42,,5.58,,30.00,186.00,0.00,2023
11/28/2023,,Reservation,HMAZDMHJEH,11/14/2023,11/26/2023,12/03/2023,7,Guest 336,Beautiful Heart of the City | 1BR Apt.,,,USD,550.96,,17.04,,35.00,568.00,0.00,2023
11/23/2023,11/24/2023,Payout,,,,,,,,"Transfer to Western Union, Eugenia Rodriguez, DO (USD)",MTCN: 3903913087,USD,,518.95,,,,,,
11/23/2023,,Reservation,HMJTSDFZW4,11/18/2023,11/18/2023,11/21/2023,3,Guest 337,Beautiful Heart of the City | 1BR Apt.,,,USD,171.69,,5.31,,35.00,177.00,0.00,2023
11/23/2023,,Reservation,HMJTSDFZW4,11/18/2023,11/18/2023,11/21/2023,3,Guest 337,Beautiful Heart of the City | 1BR Apt.,,,USD,61.11,,1.89,,0.00,63.00,0.00,2023
11/23/2023,,Reservation,HMTJ939EXF,11/20/2023,11/21/2023,11/25/2023,4,Guest 147,Beautiful Heart of the City | 1BR Apt.,,,USD,286.15,,8.85,,35.00,295.00,0.00,2023
11/15/2023,11/15/2023,Payout,,,,,,,,"Transfer to Western Union, Eugenia Rodriguez, DO (USD)",MTCN: 2907283312,USD,,741.08,,,,,,
11/15/2023,,Reservation,HMDEZYEZJY,11/09/2023,11/09/2023,11/13/2023,4,Guest 338,Beautiful Heart of the City | 1BR Apt.,,,USD,280.33,,8.67,,35.00,289.00,0.00,2023
11/15/2023,,Reservation,HMN4QT3WYH,11/09/2023,11/09/2023,11/11/2023,2,Guest 339,Stunning 1BR in amazing Sto Dgo,,,USD,126.10,,3.90,,30.00,130.00,0.00,2023
11/15/2023,,Reservation,HMH34JATQB,11/08/2023,11/13/2023,11/18/2023,5,Guest 340,Beautiful Heart of the City | 1BR Apt.,,,USD,334.65,,10.35,,35.00,345.00,0.00,2023
11/05/2023,11/06/2023,Payout,,,,,,,,"Transfer to Western Union, Eugenia Rodriguez, DO (USD)",MTCN: 9754843503,USD,,548.05,,,,,,
11/05/2023,,Reservation,HM35FTBNA4,10/29/2023,11/04/2023,11/06/2023,2,Guest 341,Be One w/ Nature in Monte Plata,,,USD,310.40,,9.60,,80.00,320.00,0.00,2023
11/05/2023,,Reservation,HMBHMCNDX2,11/04/2023,11/04/2023,11/09/2023,5,Guest 342,Stunning 1BR in amazing Sto Dgo,,,USD,237.65,,7.35,,0.00,245.00,1.03,2023
11/04/2023,11/06/2023,Payout,,,,,,,,"Transfer to Western Union, Eugenia Rodriguez, DO (USD)",MTCN: 2778156539,USD,,853.43,,,,,,
11/04/2023,,Reservation,HMQ3HJNEEX,10/17/2023,10/27/2023,11/01/2023,5,Guest 241,Stunning 1BR in amazing Sto Dgo,,,USD,315.25,,9.75,,30.00,325.00,0.00,2023
11/04/2023,,Reservation,HMMMK2MSA2,10/31/2023,11/02/2023,11/09/2023,7,Guest 343,Beautiful Heart of the City | 1BR Apt.,,,USD,538.18,,16.64,,35.00,554.82,0.00,2023
10/21/2023,10/23/2023,Payout,,,,,,,,"Transfer to Western Union, Eugenia Rodriguez, DO (USD)",MTCN: 7339549551,USD,,994.34,,,,,,
10/21/2023,,Reservation,HMYBPZYERH,10/06/2023,10/09/2023,10/16/2023,7,Guest 344,Beautiful Heart of the City | 1BR Apt.,,,USD,469.58,,14.52,,35.00,484.10,0.00,2023
10/21/2023,,Resolution Adjustment,HMYBPZYERH,,10/09/2023,10/16/2023,7,Guest 344,Beautiful Heart of the City | 1BR Apt.,Resolution adjustment for resolution 30907513,,USD,-65.00,,,,,-65.00,,2023
10/21/2023,,Reservation,HMCK3AQQXW,10/09/2023,10/19/2023,10/22/2023,3,Guest 345,Be One w/ Nature in Monte Plata,,,USD,349.20,,10.80,,0.00,360.00,0.00,2023
10/21/2023,,Reservation,HMDR5CJ3ZQ,10/16/2023,10/19/2023,10/22/2023,3,Guest 346,Beautiful Heart of the City | 1BR Apt.,,,USD,240.56,,7.44,,35.00,248.00,0.00,2023
09/30/2023,10/02/2023,Payout,,,,,,,,"Transfer to Western Union, Eugenia Rodriguez, DO (USD)",MTCN: 7072909346,USD,,1210.75,,,,,,
09/30/2023,,Reservation,HM2Z22859X,03/28/2023,03/28/2023,03/30/2023,2,Guest 133,Stunning 1BR in amazing Sto Dgo,,,USD,164.12,,5.08,,30.00,169.20,0.00,2023
09/30/2023,,Reservation,HMWHES4HJX,04/24/2023,04/25/2023,04/28/2023,3,Guest 347,Stunning 1BR in amazing Sto Dgo,,,USD,174.60,,5.40,,30.00,180.00,0.00,2023
09/30/2023,,Reservation,HMSYQFSJYR,06/10/2023,06/10/2023,06/13/2023,3,Guest 348,Beautiful Heart of the City | 1BR Apt.,,,USD,210.88,,6.52,,35.00,217.40,0.00,2023
09/30/2023,,Reservation,HMCZXX3KBF,06/12/2023,06/14/2023,06/17/2023,3,Guest 338,Beautiful Heart of the City | 1BR Apt.,,,USD,198.46,,6.14,,35.00,204.60,0.00,2023
09/30/2023,,Reservation,HMP4SKTNCX,06/18/2023,06/20/2023,06/25/2023,5,Guest 349,Beautiful Heart of the City | 1BR Apt.,,,USD,324.95,,10.05,,35.00,335.00,0.00,2023
09/30/2023,,Reservation,HMJM2XSYTX,09/27/2023,09/28/2023,09/30/2023,2,Guest 350,Stunning 1BR in amazing Sto Dgo,,,USD,137.74,,4.26,,30.00,142.00,0.00,2023
09/25/2023,09/26/2023,Payout,,,,,,,,"Transfer to Western Union, Eugenia Rodriguez, DO (USD)",MTCN: 8975150504,USD,,930.52,,,,,,
09/25/2023,,Reservation,HM542ZC3ZQ,09/19/2023,09/24/2023,10/07/2023,13,Guest 058,Beautiful Heart of the City | 1BR Apt.,,,USD,930.52,,28.78,,35.00,959.30,0.00,2023
09/23/2023,09/25/2023,Payout,,,,,,,,"Transfer to Western Union, Eugenia Rodriguez, DO (USD)",MTCN: 9188885087,USD,,650.87,,,,,,
09/23/2023,,Reservation,HMEZNSDEEN,08/11/2023,09/12/2023,09/19/2023,7,Guest 351,Beautiful Heart of the City | 1BR Apt.,,,USD,495.67,,15.33,,35.00,511.00,0.00,2023
09/23/2023,,Reservation,HMBAYMWM28,09/21/2023,09/21/2023,09/23/2023,2,Guest 352,Beautiful Heart of the City | 1BR Apt.,,,USD,155.20,,4.80,,35.00,160.00,0.00,2023
09/06/2023,09/06/2023,Payout,,,,,,,,"Transfer to Western Union, Eugenia Rodriguez, DO (USD)",MTCN: 7136970491,USD,,541.65,,,,,,
09/06/2023,,Reservation,HM238PHRXN,09/02/2023,09/02/2023,09/03/2023,1,Guest 353,Beautiful Heart of the City | 1BR Apt.,,,USD,92.15,,2.85,,35.00,95.00,0.00,2023
09/06/2023,,Reservation,HM5QZ2SK5K,09/03/2023,09/04/2023,09/11/2023,7,Guest 354,Beautiful Heart of the City | 1BR Apt.,,,USD,449.50,,13.90,,35.00,463.40,0.00,2023
07/25/2023,07/26/2023,Payout,,,,,,,,"Transfer to Western Union, Eugenia Rodriguez, DO (USD)",MTCN: 4834362189,USD,,760.48,,,,,,
07/25/2023,,Reservation,HMXCWJN2WY,07/10/2023,07/15/2023,08/12/2023,28,Guest 355,Beautiful Heart of the City | 1BR Apt.,,,USD,448.14,,13.86,,0.00,462.00,0.00,2023
07/25/2023,,Reservation,HMSZJAK944,07/15/2023,07/16/2023,07/22/2023,6,Guest 356,Stunning 1BR in amazing Sto Dgo,,,USD,312.34,,9.66,,30.00,322.00,0.00,2023
07/16/2023,07/17/2023,Payout,,,,,,,,"Transfer to Western Union, Eugenia Rodriguez, DO (USD)",MTCN: 4108642572,USD,,1344.42,,,,,,
07/16/2023,,Reservation,HMXCWJN2WY,07/10/2023,07/15/2023,08/12/2023,28,Guest 355,Beautiful Heart of the City | 1BR Apt.,,,USD,1344.42,,41.58,,0.00,1386.00,0.00,2023
07/05/2023,07/05/2023,Payout,,,,,,,,"Transfer to Western Union, Eugenia Rodriguez, DO (USD)",MTCN: 0980577794,USD,,644.08,,,,,,
07/05/2023,,Reservation,HMXMRW9ZB4,06/29/2023,06/29/2023,07/02/2023,3,Guest 357,Stunning 1BR in amazing Sto Dgo,,,USD,180.42,,5.58,,30.00,186.00,0.00,2023
07/05/2023,,Reservation,HMMA2T5QMD,06/29/2023,07/01/2023,07/02/2023,1,Guest 358,Beautiful Heart of the City | 1BR Apt.,,,USD,99.91,,3.09,,35.00,103.00,0.00,2023
07/05/2023,,Reservation,HMK9MQYA5H,07/03/2023,07/03/2023,07/08/2023,5,Guest 124,Beautiful Heart of the City | 1BR Apt.,,,USD,363.75,,11.25,,35.00,375.00,0.00,2023
